,name,address,sido,gungu
0,가경동점,충청북도 청주시흥덕구 풍산로 103(복대동),충청북도,청주시
1,가남점,경기도 여주군 가남면 태평중앙1길 8-6,경기도,여주시
2,가래비점,경기도 양주시 광적면 가납리 가래비길 24,경기도,양주시
3,가마점,충청북도 청주시서원구 남이면 가마리 397,충청북도,청주시
4,가수원점,대전광역시 서구 가수원동 774-18,대전광역시,서구
5,가양동점,"서울특별시 강서구 양천로51길 11, 1층 102호(가양동,신환빌딩)",서울특별시,강서구
6,가오점,대전광역시 동구 가오동 533,대전광역시,동구
7,가운점,경기도 남양주시 가운로2길 63 가운동삼원프라자 105호,경기도,남양주시
8,가장점,대전광역시 서구 가장동 40-40,대전광역시,서구
9,가정지구1점,인천광역시 서구 봉오재2로 37 104호,인천광역시,서구
10,가좌3점,인천광역시 서구 가석로156번길 23-1,인천광역시,서구
11,가평역전점,경기도 가평군 가평읍 굴다리길 13,경기도,가평군
12,가평점,경기도 가평군 가평읍 가화로 125-1,경기도,가평군
13,가평현리점,"경기도 가평군 하면 현창로38번길, 6-1",경기도,가평군
14,각화주공점,광주광역시 북구 각화동 202번지 주공@상가 107호,광주광역시,북구
15,간현점,강원도 원주시 지정면 간현로 188,강원도,원주시
16,갈곶원동점,경기도 오산시 갈곶동 126-23,경기도,오산시
17,갈마점,대전광역시 서구 갈마로 60(갈마동),대전광역시,서구
18,갈산점,인천광역시 부평구 갈산동 364-4,인천광역시,부평구
19,갈산점(이천),"경기도 이천시 갈산로 81(갈산동, 102)",경기도,이천시
20,갈산점(홍성),충청남도 홍성군 갈산면 상촌리 243,충청남도,홍성군
21,감곡점,충청북도 음성군 감곡면 장감로 142,충청북도,음성군
22,감삼점,대구광역시 달서구 두류3동 630-1,대구광역시,달서구
23,강경점,충청남도 논산시 강경읍 대흥리 19-3,충청남도,논산시
24,강구점,경상북도 영덕군 강구면 강구리 453번지,경상북도,영덕군
25,강남구청점,서울특별시 강남구 삼성로119길 41. 1층(삼성동),서울특별시,강남구
26,강남대점,경기도 용인시기흥구 강남동로 114번 22,경기도,용인시
27,강남점,대구광역시 동구 신암로16길 2,대구광역시,동구
28,강릉교동점,강원도 강릉시 강릉대로 269 (교동),강원도,강릉시
29,강릉대점,강원도 강릉시  율곡초교길39번 27,강원도,강릉시
30,강릉서부점,강원도 강릉시 임영로 170-3(임당동),강원도,강릉시
31,강릉옥계점,"강원도 강릉시 옥계면 현내시장길 52, 1/2",강원도,강릉시
32,강릉옥천동점,강원도 강릉시 동부시장길 45(옥천동),강원도,강릉시
33,강릉유천점,강원도 강릉시  선수촌로 63번길 우미린상가106,강원도,강릉시
34,강북점,대구광역시 북구 읍내동 803-1,대구광역시,북구
35,강상점,경기도 양평군 강상면 병산리69-12,경기도,양평군
36,강서구청점,서울특별시 강서구 화곡6동 986-4 1층,서울특별시,강서구
37,강서점,충청북도 청주시흥덕구 강서동 가로수로1154번길 21-5,충청북도,청주시
38,강선점,경기도 고양시일산서구 강선로 67번지 유원상가 103호,경기도,고양시
39,강진점,전라남도 강진군 강진읍 탐진로 76-1,전라남도,강진군
40,강화1점,인천광역시 강화군 강화읍 강화대로403번길 5,인천광역시,강화군
41,강화2점,인천광역시 강화군 강화읍 남산리 39-1,인천광역시,강화군
42,개군점,경기도 양평군 개군면 하자포길 35,경기도,양평군
43,개금점,부산광역시 부산진구 개금3동 18,부산광역시,부산진구
44,개봉1점,"서울특별시 구로구 개봉로11길 13, 1층 3호(개봉동)",서울특별시,구로구
45,개신점,충청북도 청주시흥덕구 장구봉로 130(개신동),충청북도,청주시
46,개운점,강원도 원주시 송림길 48-10(개운동),강원도,원주시
47,개포2점,서울특별시 강남구 선릉로6길 12. 1층(개포동),서울특별시,강남구
48,개포3점,서울특별시 강남구 개포로22길 23. 지상1층(개포동),서울특별시,강남구
49,거모점,경기도 시흥시 거모동 1753-6 105호,경기도,시흥시
50,거진점,강원도 고성군 거진읍 거탄진로 129-1,강원도,고성군
51,거창점,경상남도 거창군 거창읍 중앙로 52-1,경상남도,거창군
52,건등점,강원도 원주시 문막읍 동화초교길 38,강원도,원주시
53,건영점,경기도 고양시일산서구 성저로 110번지,경기도,고양시
54,건천점,"경상북도 경주시 건천읍 내서로 1126, 101",경상북도,경주시
55,검단점,인천광역시 서구 완정로 196,인천광역시,서구
56,검암경서점,인천광역시 서구 검암동 643-2 우주프라자 104,인천광역시,서구
57,경남고성점,경상남도 고성군 고성읍 송학리 263-7,경상남도,고성군
58,경남금산점,경상남도 진주시 금산면 장사리 935-1,경상남도,진주시
59,경남단계점,경상남도 산청군 신등면 신등가회로 15,경상남도,산청군
60,경남사천점,경상남도 사천시 사천읍 정의1길 16,경상남도,사천시
61,경남양산점,경상남도 양산시 중앙로 111 1층,경상남도,양산시
62,경복점,"서울특별시 강남구 봉은사로43길 8, 1층 102호(논현동)",서울특별시,강남구
63,경안점,경기도 광주시 중앙로 179 (송정동),경기도,광주시
64,경포대점,강원도 강릉시 경포로 489-6(안현동),강원도,강릉시
65,계산1점,인천광역시 계양구 계산2동 933-25,인천광역시,계양구
66,계양1동점,인천광역시 계양구 황어로115번길 10,인천광역시,계양구
67,고강1점,경기도 부천시오정구 원종동 238-10,경기도,부천시
68,고강2점,경기도 부천시오정구 고강본동 399,경기도,부천시
69,고담리점,경기도 이천시 대월면 대산로288번길 72,경기도,이천시
70,고대점,충청남도 당진군 고대면 고대로 47,충청남도,당진군
71,고덕역점,서울특별시 강동구 고덕1동 643-2,서울특별시,강동구
72,고덕점,충청남도 예산군 고덕면 용고길 353,충청남도,예산군
73,고매리점,경기도 용인시기흥구 고매동 722-2,경기도,용인시
74,고북점,충청남도 서산시 고북면 기포리 300-2,충청남도,서산시
75,고색점,경기도 수원시권선구 고색동 42-14,경기도,수원시
76,고양동점,경기도 고양시덕양구 혜음로 68-11,경기도,고양시
77,고은점,충청북도 청원군 남일면 단재로 730-1,충청북도,청원군
78,고읍점,"경기도 양주시 고읍남로39번길 71, 104(광사동)",경기도,양주시
79,고잔2점,경기도 안산시단원구 고잔동 733-1 104,경기도,안산시
80,고잔점,경기도 안산시단원구 고잔동 612 문화연립상가동 110,경기도,안산시
81,고척동점,서울특별시 구로구 고척2동 164-41,서울특별시,구로구
82,고천점,"경기도 의왕시 효행로 44(오전동, 의왕빌딩3호)",경기도,의왕시
83,고한점,강원도 정선군 고한읍 고한로 151-1,강원도,정선군
84,고현점,경상남도 거제시 신현읍 고현리 799-12,경상남도,거제시
85,곡반정점,경기도 수원시권선구 곡반정동 578 현대@상가107,경기도,수원시
86,곤명점,경상남도 사천시 곤명면 정곡리 843-9,경상남도,사천시
87,곤지암점,"경기도 광주시 곤지암읍 곤지암로50번길, 25",경기도,광주시
88,공덕동점,서울특별시 마포구 공덕동 111-187,서울특별시,마포구
89,공덕역점,"서울특별시 마포구 마포대로11길 75 102 (공덕동, 공덕현대아파트상가)",서울특별시,마포구
90,공도점,경기도 안성시 공도읍 고무다리길 10-1,경기도,안성시
91,공릉철길공원점,서울특별시 노원구 동일로184길 69. 1층(공릉동),서울특별시,노원구
92,공주1점,충청남도 공주시 웅진로 140(중동),충청남도,공주시
93,공주산성동점,충청남도 공주시 산성찬호길 1(산성동),충청남도,공주시
94,과학단지점,충청북도 청원군 오창읍 오창중앙로 94,충청북도,청원군
95,관기점,충청북도 보은군 마로면 관기송현로 95-1,충청북도,보은군
96,관산점,경기도 고양시덕양구 통일로802번길 71,경기도,고양시
97,관양1점,경기도 안양시동안구 관양동 1397-1 1층 101,경기도,안양시
98,관음점,대구광역시 북구 관음동 1319-11,대구광역시,북구
99,관저1점,대전광역시 서구 관저동 981 원앙쇼핑109호,대전광역시,서구
100,관저2점,대전광역시 서구 관저동 1137-1 구봉5단지상가 103호,대전광역시,서구
101,광나루점,서울특별시 광진구 광장동 277-12 1층,서울특별시,광진구
102,광릉내점,경기도 남양주시 진접읍 광릉내로 81,경기도,남양주시
103,광명1점,경기도 광명시 오리로 937,경기도,광명시
104,광명2점,경기도 광명시 광명동 348-20,경기도,광명시
105,광명3점,"경기도 광명시 광명로928번길 14, 1층(광명동)",경기도,광명시
106,광산점,광주광역시 광산구 송정동 792-14,광주광역시,광산구
107,광안점,부산광역시 수영구 무학로33번길 55,부산광역시,수영구
108,광양점,전라남도 광양시 광양읍 인서중앙길 43,전라남도,광양시
109,광장동점,서울특별시 광진구 구의동 203-24,서울특별시,광진구
110,광주점,경기도 광주시 문화로 6(역동),경기도,광주시
111,광주지사, ,,
112,광천점,충청남도 홍성군 광천읍 광천리 244-7,충청남도,홍성군
113,광탄점,경기도 파주시 광탄면 혜음로 1127-1,경기도,파주시
114,광혜원점,충청북도 진천군 광혜원면 화랑5길 8,충청북도,진천군
115,괴산점,"충청북도 괴산군 괴산읍 읍내로11번길, 8-5",충청북도,괴산군
116,괴안1점,"경기도 부천시소사구 부광로8번길 39,104(괴안동)",경기도,부천시
117,괴정1점,대전광역시 서구 괴정동 130-3,대전광역시,서구
118,교대역점,서울특별시 서초구 서초동 1640-1 1층,서울특별시,서초구
119,교하점,경기도 파주시 숲속노을로 298,경기도,파주시
120,구곡현대점,강원도 원주시 남원로 492-14(단구동1576-3),강원도,원주시
121,구례점,전라남도 구례군 구례읍 중앙로 35,전라남도,구례군
122,구로2동점,서울특별시 구로구 구로2동 726-32,서울특별시,구로구
123,구리남점,경기도 구리시 안골로20번길 28,경기도,구리시
124,구리중앙점,경기도 구리시 교문동 체육관로171번길 11-6,경기도,구리시
125,구미 송정점,경상북도 구미시 송정동 465-1,경상북도,구미시
126,구반월점,경기도 안산시상록구 건건동 632-4 1층,경기도,안산시
127,구산점,경상남도 김해시 구산로 32-1,경상남도,김해시
128,구성마북점,경기도 용인시기흥구 연원로 5(마북동),경기도,용인시
129,구암점,전라북도 군산시 서당길 19(구암동),전라북도,군산시
130,구운점,경기도 수원시권선구 구운동 496-2,경기도,수원시
131,구월1동점,인천광역시 남동구 구월동 1217-2 103호,인천광역시,남동구
132,구의동점,서울특별시 광진구 자양로 322 (구의동),서울특별시,광진구
133,군남점,경기도 연천군 군남면 군남로 115,경기도,연천군
134,군산금호점,전라북도 군산시 나운동 489 금호타운상가 108,전라북도,군산시
135,군위점,경상북도 군위군 군위읍 서부리 57-1,경상북도,군위군
136,군자11점,경기도 안산시단원구 선부동 1078-4 가동상가 110,경기도,안산시
137,군포당동점,"경기도 군포시 군포로510번길 25(당동, 당동누리에뜰해밀제1층118호)",경기도,군포시
138,궁동점(대전),대전광역시 유성구 궁동 404-7,대전광역시,유성구
139,궁동점(서울),"서울특별시 구로구 부일로15길 4, 1층 103호(궁동)",서울특별시,구로구
140,권선점,경기도 수원시권선구 권선동 1056-8,경기도,수원시
141,근화점,전라남도 목포시 연산동 산정로 268-3,전라남도,목포시
142,금곡점,경기도 남양주시 금곡로 49,경기도,남양주시
143,금산2점,충청남도 금산군 금산읍 중도리 391-4,충청남도,금산군
144,금암점,전라북도 전주시덕진구 조경단로 45 2층 철골조스라브중하점포 1,전라북도,전주시
145,금오점,경기도 의정부시 금신로 398,경기도,의정부시
146,금왕점,충청북도 음성군 금왕읍 탑골길 20,충청북도,음성군
147,금장점,경상북도 경주시 현곡면 금장리 410 삼성APT상가 나동 103,경상북도,경주시
148,금촌주공점,경기도 파주시 가나무로 103,경기도,파주시
149,금호동점(광주),광주광역시 서구 금호동 815 호반리젠시빌 상가,광주광역시,서구
150,금호로타리점,서울특별시 성동구 무수막길 89-2,서울특별시,성동구
151,금호역점,서울특별시 성동구 금호동3가 1394-3,서울특별시,성동구
152,기계점,경상북도 포항시북구 기계면 현내리 407-3번지,경상북도,포항시
153,기아점,경기도 광명시 소하동 1236-7,경기도,광명시
154,기업도시점,충청북도 충주시 중앙탑면 원앙9길 15 ,충청북도,충주시
155,기장점,부산광역시 기장군 기장읍 대라리 129-1,부산광역시,기장군
156,기지시점,충청남도 당진군 송악읍 기지시리 161-1,충청남도,당진군
157,길동2점,서울특별시 강동구 천중로49길 29(길동),서울특별시,강동구
158,길동3점,"서울특별시 강동구 천호대로185길 89(길동, 1층)",서울특별시,강동구
159,길음점,서울특별시 성북구 길음로 74 길음뉴타운5단지 2-105,서울특별시,성북구
160,김해내동점,경상남도 김해시 평전로 154(내동),경상남도,김해시
161,김해중앙점,경상남도 김해시 부원동 603-7,경상남도,김해시
162,까치산점,서울특별시 강서구 화곡8동 342-7 1층 102,서울특별시,강서구
163,꼬꼬점,경상북도 포항시북구 칠성천길 98,경상북도,포항시
164,꿈.연화점,경기도 부천시원미구 옥산로 86,경기도,부천시
165,낙성대1점,서울특별시 관악구 봉천11동 1642-7,서울특별시,관악구
166,난곡점,서울특별시 관악구 문성로16가길 43,서울특별시,관악구
167,남목점,울산광역시 동구 동해안로 40-2(동부동),울산광역시,동구
168,남부점,강원도 원주시 남원로 617-2(명륜동),강원도,원주시
169,남양점,경기도 화성시 남양면 남양리 1267-11,경기도,화성시
170,남양점(구성주점),경상남도 창원시성산구 가음로 13번길15,경상남도,창원시
171,남양주도곡점,경기도 남양주시 와부읍 덕소로 194-14,경기도,남양주시
172,남원노암점,"전라북도 남원시 노암동 260, 한신아파트상가 102호",전라북도,남원시
173,남원점,제주특별자치도 서귀포시 남원읍 남원리 100-1,제주특별자치도,서귀포시
174,남창점,울산광역시 울주군 온양읍 대안리 411-4,울산광역시,울주군
175,남촌점,경기도 오산시 오산동 614-23,경기도,오산시
176,남해대교점,경상남도 남해군 설천면 노량로 197,경상남도,남해군
177,남해점,경상남도 남해군 남해읍 서변리 149-1,경상남도,남해군
178,내곡동점,강원도 강릉시 관대길 70,강원도,강릉시
179,내동2점,대전광역시 서구 내동 160-19,대전광역시,서구
180,내동점,경기도 부천시오정구 삼작로96번길 21(내동),경기도,부천시
181,내면점,강원도 홍천군 내면읍 창촌로 48,강원도,홍천군
182,내서점,경상남도 창원시마산회원구 내서읍 죽암로43-1,경상남도,창원시
183,내포1점,충청남도 홍성군 홍북면 애향2길 2,충청남도,홍성군
184,노량진2동점,서울특별시 동작구 노량진2동 306-5,서울특별시,동작구
185,노암점,강원도 강릉시 노가니길 1(노암동),강원도,강릉시
186,노은반석점,"대전광역시 유성구 노은서로266번 77, 104호(지상1층)",대전광역시,유성구
187,노학점,강원도 속초시 교동 교동로 55(교동),강원도,속초시
188,녹양점,경기도 의정부시 비우로 102-1,경기도,의정부시
189,논산2점,충청남도 논산시 취암동 610-2,충청남도,논산시
190,논산대교점,충청남도 논산시 대교동 250-14,충청남도,논산시
191,논산주공점,"충청남도 논산시 논산대로 348번길 7, 상가-101(취암동,주공아파트)",충청남도,논산시
192,논현동점,"서울특별시 강남구 강남대로128길 27(논현동, 지상1층 102호)",서울특별시,강남구
193,논현주공점,인천광역시 남동구 논현동 563-6,인천광역시,남동구
194,농암점,경상북도 문경시 농암면 청암2길 10,경상북도,문경시
195,능곡점,경기도 고양시덕양구 토당로78번길 7-10(토당동),경기도,고양시
196,능주점,전라남도 화순군 능주면 죽수길50,전라남도,화순군
197,다인점,경상북도 의성군 다인면 서릉길 31,경상북도,의성군
198,단계점,강원도 원주시 원문로 89 (학성동),강원도,원주시
199,단계택지점,강원도 원주시 금불3길 34(단계동),강원도,원주시
200,단관점,강원도 원주시 단관길 163(관설동),강원도,원주시
201,단구점,강원도 원주시 치악로 1596(단구동),강원도,원주시
202,단월동점,경기도 이천시 단월로 29(단월동),경기도,이천시
203,단촌점,경상북도 의성군 단촌면 하화리 248-1,경상북도,의성군
204,달동1점,울산광역시 남구 달동 1329-9,울산광역시,남구
205,달동2점,"울산광역시 남구 번영로107번길 3, 203(달동, 주공아파트)",울산광역시,남구
206,달전점,경상북도 포항시북구 흥해읍 도음로877번길 9 삼도미래타운106-106,경상북도,포항시
207,달천점,울산광역시 북구 달천로 103-19(달천아이파크 2차상가 100동 B109호),울산광역시,북구
208,답십리점,"서울특별시 동대문구 전농로3길 52-2, 1층(답십리동)",서울특별시,동대문구
209,당감점,부산광역시 부산진구 당감동 739-10,부산광역시,부산진구
210,당산동점,서울특별시 영등포구 영등포동8가 29-2,서울특별시,영등포구
211,당수동점,경기도 수원시권선구 당수동 218-1,경기도,수원시
212,당진1점,충청남도 당진군 당진중앙2로 54-5,충청남도,당진군
213,당진2점,충청남도 당진군 무수동로 195,충청남도,당진군
214,당진3점,충청남도 당진군 원당로 55(원당동),충청남도,당진군
215,당진신평점,충청남도 당진군 신평면 신평로 827,충청남도,당진군
216,대강점,충청북도 단양군 대강면 대강로 59-1,충청북도,단양군
217,대고점,"대전광역시 중구 테미로 31-1(대흥동, 1층)",대전광역시,중구
218,대광리점,경기도 연천군 신서면 도대로 3번길 33호,경기도,연천군
219,대구고성점,대구광역시 서구 원대로13길 16,대구광역시,서구
220,대구남산점,대구광역시 중구 남산로2길 13(남산동),대구광역시,중구
221,대구대명점,대구광역시 남구 두류공원로17길 48 (지하1층),대구광역시,남구
222,대구상동점,대구광역시 수성구 중동 502-3,대구광역시,수성구
223,대구서문점,대구광역시 서구 비산동 280-8,대구광역시,서구
224,대구송정점,대구광역시 동구 반야월로 379(신서동),대구광역시,동구
225,대구신당점,대구광역시 달서구 신당동 1808-5,대구광역시,달서구
226,대구지사, ,,
227,대구지산점,대구광역시 수성구 지산동 1234 지산단지114-4,대구광역시,수성구
228,대구터미널점,대구광역시 동구 신천동 431-4,대구광역시,동구
229,대림역점,서울특별시 구로구 구로중앙로8길 17,서울특별시,구로구
230,대림점,서울특별시 영등포구 대림로34길 14-1,서울특별시,영등포구
231,대명점,경기도 고양시일산서구 호수로 838번지 22,경기도,고양시
232,대봉점,대구광역시 중구 대봉동 121-241,대구광역시,중구
233,대산점,충청남도 서산시 대산읍 대산리 214-10,충청남도,서산시
234,대소점,"충청북도 음성군 대소면 오태로99번길, 42342",충청북도,음성군
235,대송점,울산광역시 동구 화정동 164-11,울산광역시,동구
236,대신점,경기도 여주군 대신면 여양로 1456-4,경기도,여주시
237,대우궐동점,경기도 오산시 수청동 518-9,경기도,오산시
238,대우동춘점,인천광역시 연수구 동춘동 920-1 대우3차@상가 106호,인천광역시,연수구
239,대우점,인천광역시 부평구 산곡동 26-44 1층,인천광역시,부평구
240,대전용문점,대전광역시 서구 괴정동 48-6,대전광역시,서구
241,대전지사, ,,
242,대전터미널점,대전광역시 동구 용전동 동서대로 1695번길 106,대전광역시,동구
243,대조동점,서울특별시 은평구 역말로9길 40-1. 1층(대조동),서울특별시,은평구
244,대진점,강원도 고성군 현내면 한나루로 112-1,강원도,고성군
245,대천해수욕장점,충청남도 보령시 해수욕장4길 68(신흑동),충청남도,보령시
246,대치동점,서울특별시 강남구 대치동 626 청실상가 108,서울특별시,강남구
247,대학로점,강원도 삼척시 대학로 45(당저동),강원도,삼척시
248,대화1점,대전광역시 대덕구 동심1길 32(대화동),대전광역시,대덕구
249,대화점,강원도 평창군 대화면 대화3길 46,강원도,평창군
250,덕산점,충청북도 진천군 덕산면 덕금로 809,충청북도,진천군
251,덕절리점,경기도 화성시 정남면 발안로 1177,경기도,화성시
252,덕정점,경기도 양주시 덕정길 23,경기도,양주시
253,덕천점,경기도 안양시만안구 덕천로128번길 18(안양동),경기도,안양시
254,덕풍동점,"경기도 하남시 신장동 430-7 성원쌍떼빌 104호, 105호",경기도,하남시
255,도계점,"강원도 삼척시 도계읍 도계로 228, 1/3",강원도,삼척시
256,도고점,충청남도 아산시 도고면 신언리 96-10,충청남도,아산시
257,도구점,경상북도 포항시남구 동해면 일월로 116,경상북도,포항시
258,도당점,경기도 부천시원미구 도당동 284-15 1층,경기도,부천시
259,도련점,"제주특별자치도 제주시 삼봉로 115, 미듬하나로맨션상가 103",제주특별자치도,제주시
260,도림주공점,인천광역시 남동구 논고개로 299,인천광역시,남동구
261,도립대점,강원도 강릉시  주문진읍 연주로 261-1,강원도,강릉시
262,도마점,대전광역시 서구 도마1동 129-30,대전광역시,서구
263,도봉점,"서울특별시 도봉구 도봉로164길 10(도봉동, 1층)",서울특별시,도봉구
264,도안지구점,대전광역시 유성구 원신흥남로11번 6-22 (102호),대전광역시,유성구
265,도영점,강원도 원주시 남원로 527번길 6-34(명륜동),강원도,원주시
266,도평점,경기도 광주시 초월읍 현산로 89-6,경기도,광주시
267,도화동점,서울특별시 마포구 도화동 268,서울특별시,마포구
268,독립문점,서울특별시 종로구 통일로 222(교북동),서울특별시,종로구
269,독산1점,서울특별시 금천구 가산로3길 16,서울특별시,금천구
270,독산3점,서울특별시 금천구 독산로 319,서울특별시,금천구
271,독산점,서울특별시 금천구 독산동 1123,서울특별시,금천구
272,동대동점,충청남도 보령시 주공로 24(동대동),충청남도,보령시
273,동두천역전점,경기도 동두천시 어수로 92,경기도,동두천시
274,동두천터미널점,경기도 동두천시 중앙로265번길 15(생연동),경기도,동두천시
275,동명동점,강원도 속초시 장안로 26-2(동명동),강원도,속초시
276,동명점,경상북도 칠곡군 동명면 봉암1길 7,경상북도,칠곡군
277,동문점,경기도 용인시수지구 수풍로 53(풍덕천동),경기도,용인시
278,동방점,서울특별시 성북구 정릉동 227-72,서울특별시,성북구
279,동보점,강원도 원주시 진광길 30(우산동),강원도,원주시
280,동삼점,부산광역시 영도구 태종로 688-2(동삼동),부산광역시,영도구
281,동소문동점,서울특별시 성북구 동선동5가 18,서울특별시,성북구
282,동송점,강원도 철원군 동송읍 금학로 232,강원도,철원군
283,동신점,경기도 수원시장안구 송죽동 488,경기도,수원시
284,동아점,경기도 고양시일산동구 강송로 196 동아아파트상가 1-3,경기도,고양시
285,동암남점,인천광역시 부평구 경인로701번길 43 1층,인천광역시,부평구
286,동인점,대구광역시 중구 동인동3가 238-2,대구광역시,중구
287,동천동점,경기도 용인시수지구 고기로45번길 58 동문그린아파트 상가101호,경기도,용인시
288,동천점,경상북도 경주시 탈해로47번길 6-4,경상북도,경주시
289,동촌점,대구광역시 동구 검사동 960-170,대구광역시,동구
290,동탄1점,경기도 화성시 능동 1110 주공상가 101호,경기도,화성시
291,동탄2점,경기도 화성시 동탄면 중리 동탄청계로 303-14,경기도,화성시
292,동해점,강원도 동해시 천곡2길 4(천곡동),강원도,동해시
293,두구동점,부산광역시 금정구 두구동 230-3,부산광역시,금정구
294,두정2점,"충청남도 천안시서북구 부성6길 23(두정동, 중앙프라자상가105호)",충청남도,천안시
295,두정점,충청남도 천안시서북구 두정역서1길 13,충청남도,천안시
296,두호점,경상북도 포항시북구 두호동 205-26,경상북도,포항시
297,둔덕점,전라남도 여수시 만성로 18,전라남도,여수시
298,둔산1점,대전광역시 서구 둔산동 991 국화동성@상가 202호,대전광역시,서구
299,둔산2점,대전광역시 서구 둔산3동 1972번지,대전광역시,서구
300,둔전점,경기도 용인시처인구 금어로 2(유방동),경기도,용인시
301,등촌제일점,서울특별시 강서구 등촌1동 641-12,서울특별시,강서구
302,뚝섬점,서울특별시 광진구 능동로3가길 4(자양동),서울특별시,광진구
303,레이크타운점,경기도 안산시단원구 광덕동로25 상가동101호,경기도,안산시
304,마도점,경기도 화성시 마도면 석교로 171,경기도,화성시
305,마석점,"경기도 남양주시 화도읍 비룡로 185-20, 210(삼진상가2층)",경기도,남양주시
306,마송점,경기도 김포시 통진읍 조강로 49,경기도,김포시
307,마장동점,"서울특별시 성동구 청계천로10나길 80, 1층(마장동)",서울특별시,성동구
308,마전점,충청남도 금산군 추부면 마전리 571-1,충청남도,금산군
309,마천1점,서울특별시 송파구 마천로61길 9(마천동),서울특별시,송파구
310,마평리점,경기도 용인시처인구 금령로 129(마평동),경기도,용인시
311,만년점,대전광역시 서구 만년로16번길 27(만년동),대전광역시,서구
312,만수1점,인천광역시 남동구 만수서로 97-17(만수동 1층),인천광역시,남동구
313,만수3점,인천광역시 남동구 만수동 861 1층,인천광역시,남동구
314,만수삼환점,인천광역시 남동구 소래로669번길 106호,인천광역시,남동구
315,만수주공점,인천광역시 남동구 장승남로34번길 22 상가 111호,인천광역시,남동구
316,만촌점,대구광역시 수성구 만촌동 963-4,대구광역시,수성구
317,만평점,대구광역시 서구 비산동 1285-2,대구광역시,서구
318,망상점,"강원도 동해시 동해대로 6270-18(망상동, 상가116)",강원도,동해시
319,망우동점,서울특별시 중랑구 망우3동 444-26,서울특별시,중랑구
320,망원동점,서울특별시 마포구 망원2동 475-42,서울특별시,마포구
321,매산점,경기도 수원시팔달구 갓매산로26번길 24,경기도,수원시
322,매송점,경기도 화성시 매송면 원평리 124-18,경기도,화성시
323,매탄점,경기도 수원시영통구 매탄2동 130-10,경기도,수원시
324,매화동점,경기도 시흥시 매화1로 21,경기도,시흥시
325,명곡점,대구광역시 달성군 화원읍 설화리 779-1,대구광역시,달성군
326,명보점,충청북도 제천시 용두천로 112(남천동),충청북도,제천시
327,명일점,서울특별시 강동구 동남로67길 44(명일동),서울특별시,강동구
328,명지점,부산광역시 강서구 명지오션시티10 16 ,부산광역시,강서구
329,모가점,경기도 이천시 모가면 진상미로 1257(성광주택),경기도,이천시
330,모라점,부산광역시 사상구 모라로46번길 70(모라동),부산광역시,사상구
331,모란점,"경기도 성남시중원구 제일로35번길 31, 1층(성남동)",경기도,성남시
332,모산점,충청남도 아산시 배방면 공수리 63-24,충청남도,아산시
333,모슬포점,제주특별자치도 서귀포시 대정읍 상모대서로 25,제주특별자치도,서귀포시
334,모현점,경기도 용인시처인구 모현면 외대로 36,경기도,용인시
335,목감점,경기도 시흥시 동서로 1095,경기도,시흥시
336,목동1점,서울특별시 양천구 목4동 772-12,서울특별시,양천구
337,목동3점,"서울특별시 양천구 목동동로 50 A-111(신정동, 목동아파트)",서울특별시,양천구
338,목동시장점,서울특별시 양천구 목동중앙남로10 7,서울특별시,양천구
339,목상석봉점,"대전광역시 대덕구 대덕대로1454번길 11-6(목상동,1층)",대전광역시,대덕구
340,목행점,충청북도 충주시 행정10길 10(목행동),충청북도,충주시
341,무거1점,울산광역시 남구 신복로23번길 15(무거동),울산광역시,남구
342,무실점,강원도 원주시 시청로 88(무실동),강원도,원주시
343,무원삼보점,경기도 고양시덕양구 화신로 31 무원마을 삼보상가 102,경기도,고양시
344,무주리조트,전라북도 무주군 설천면 만선로 185(한솔동 1층),전라북도,무주군
345,무주점,전라북도 무주군 무주읍 읍내리 249-6,전라북도,무주군
346,무지개점,"경기도 성남시분당구 구미동 211, 무지개마을 106",경기도,성남시
347,묵동점,"서울특별시 중랑구 중랑역로 150, 108호(묵동,우성상가)",서울특별시,중랑구
348,묵호점,"강원도 동해시 발한로 137(발한동, 가동)",강원도,동해시
349,문경점,경상북도 문경시 문경읍 주흘로 29,경상북도,문경시
350,문덕점,경상북도 포항시남구 오천읍 문덕리 203-3 청호A상가101,경상북도,포항시
351,문막점,강원도 원주시 문막읍 문막시장1길 55-2,강원도,원주시
352,문산점,경기도 파주시 문산읍 문항로 82,경기도,파주시
353,문정점,"서울특별시 송파구 송이로33길 6-17(문정동, 지상1층)",서울특별시,송파구
354,문촌점,경기도 고양시일산서구 대산로 183,경기도,고양시
355,문학점,"인천광역시 남구 승학길 4(문학동, 101호)",인천광역시,남구
356,문화동점,충청북도 충주시 사직산1길 15-11(문화동),충청북도,충주시
357,문화점,대전광역시 중구 문화동 788 상가 107호,대전광역시,중구
358,미금점,경기도 성남시분당구 미금일로 55 상가동108호,경기도,성남시
359,미룡산북점,전라북도 군산시 부곡로 125(미룡동),전라북도,군산시
360,미아점,서울특별시 강북구 도봉로29길 10 1층,서울특별시,강북구
361,미원점,충청북도 청원군 미원면 미원시내2길 19-3,충청북도,청원군
362,민락점,경기도 의정부시 오목로 99,경기도,의정부시
363,밀양댐점,경상남도 밀양시 단장면 고례리 1521-3,경상남도,밀양시
364,박달2점,경기도 안양시만안구 박달동 134-5,경기도,안양시
365,반구점,울산광역시 중구 반구동 101-8,울산광역시,중구
366,반달마을점,"경기도 부천시원미구 상동 397, 반달상가1층",경기도,부천시
367,반송2점,부산광역시 해운대구 반송동 62-340,부산광역시,해운대구
368,반여점,부산광역시 해운대구 선수촌로 207번가길 67,부산광역시,해운대구
369,반월점,전라북도 전주시덕진구 반월동 1229 반월주공아파트상가 104호,전라북도,전주시
370,반포동점,서울특별시 서초구 반포1동 717-10 101,서울특별시,서초구
371,발산동점,서울특별시 강서구 우장산로 9(내발산동),서울특별시,강서구
372,발안1점,경기도 화성시 향남읍 장짐리 216-4 대준빌딩1층,경기도,화성시
373,방배본점,서울특별시 서초구 동광로11길 25. 1층(방배동),서울특별시,서초구
374,방어진점,울산광역시 동구 방어동 문현지구 70B10N,울산광역시,동구
375,방이2점,서울특별시 송파구 방이동 159-16,서울특별시,송파구
376,방화1점,"서울특별시 강서구 양천로11길 8 (방화동, 1층)",서울특별시,강서구
377,방화2점,"서울특별시 강서구 방화동로 116-1(방화동, 1층)",서울특별시,강서구
378,배곧신도시1점,경기도 시흥시 배곧4로 32-13 102호,경기도,시흥시
379,백련시장점,서울특별시 서대문구 남가좌2동 347-1,서울특별시,서대문구
380,백석점,경기도 양주시 백석읍 양주산성로 ,경기도,양주시
381,백암점,경상북도 울진군 온정면 소태리 933,경상북도,울진군
382,백양사점,전라남도 장성군 북하면 백양로 904,전라남도,장성군
383,백천점,경상북도 경산시 백천동 573-1 108,경상북도,경산시
384,백학점,경기도 연천군 백학면 두일로143번길 37,경기도,연천군
385,번동점,서울특별시 강북구 번3동 307 1층 5호,서울특별시,강북구
386,범서점,울산광역시 울주군 범서읍 점촌5길 37,울산광역시,울주군
387,범어점,경상남도 양산시 물금읍 범어리 721-1,경상남도,양산시
388,범어B점,대구광역시 수성구 동대구로77길 24,대구광역시,수성구
389,법1동점,대전광역시 대덕구 법동 281 삼정하이츠@상가 1층,대전광역시,대덕구
390,법2동점,대전광역시 대덕구 법동 206-6,대전광역시,대덕구
391,별내점,경기도 남양주시 별내중앙로26 111호,경기도,남양주시
392,병영점,울산광역시 중구 병영로 80,울산광역시,중구
393,병점점,경기도 화성시 병점동 828-2,경기도,화성시
394,병천점,충청남도 천안시동남구 병천면 병천리 157-17,충청남도,천안시
395,보개점,경기도 안성시 보개면 남사당로 1-3,경기도,안성시
396,보광2점,"서울특별시 용산구 장문로6길 101, 지상1층(동빙고동 1-9)",서울특별시,용산구
397,보라매동점,서울특별시 관악구 보라매로 22 (봉천동),서울특별시,관악구
398,보라점,경기도 용인시기흥구 사은로 116,경기도,용인시
399,보은점,충청북도 보은군 보은읍 삼산리 44-1,충청북도,보은군
400,복대점,충청북도 청주시흥덕구 복대로199번길 3,충청북도,청주시
401,복수점,대전광역시 서구 복수동 283-397,대전광역시,서구
402,복창점,"경기도 평택시 신장동 서밀월로18,2층",경기도,평택시
403,본리점,대구광역시 달서구 본리동 81-3번지,대구광역시,달서구
404,본오2점,경기도 안산시상록구 각골로 123,경기도,안산시
405,봉계점,울산광역시 울주군 두동면 계명1길 39(1층),울산광역시,울주군
406,봉담와우리점,경기도 화성시 봉담읍 와우로15번길 55-9 효성@상가1층,경기도,화성시
407,봉담점,경기도 화성시 봉담읍 진등1길 57-1,경기도,화성시
408,봉덕2점,대구광역시 남구 봉덕동 924-3,대구광역시,남구
409,봉동점,전라북도 완주군 봉동읍 장기리 214-1,전라북도,완주군
410,봉명동점,충청북도 청주시흥덕구 주현로25번길 20(봉명동),충청북도,청주시
411,봉산점,강원도 원주시 치악로 1867 (봉산동),강원도,원주시
412,봉암리점,경기도 양주시 은현면 은현로 521,경기도,양주시
413,봉천2동점,서울특별시 관악구 봉천동 7-125,서울특별시,관악구
414,봉천행복점,"서울특별시 관악구 행운길 7, 1층(봉천동)",서울특별시,관악구
415,봉천현대점,"서울특별시 관악구 양녕로 35-1, 1층(봉천동)",서울특별시,관악구
416,봉평점,강원도 평창군 봉평면 기풍3길 28,강원도,평창군
417,봉화점,경상북도 봉화군 봉화읍 내성리 236-17,경상북도,봉화군
418,부강점,세종특별자치시   부강면 부강2길 11,세종특별자치시,
419,부개주공점,인천광역시 부평구 부개동 12-380 부개택지개발 1블럭,인천광역시,부평구
420,부곡온천점,경상남도 창녕군 부곡면 온천중앙로 47,경상남도,창녕군
421,부곡점(안산),경기도 안산시상록구 부곡동 685-11 안산제2종합시장 1003호,경기도,안산시
422,부곡점(의왕),경기도 의왕시 솔밭길 31,경기도,의왕시
423,부기점,경상북도 경산시 진량읍 금호강변로 820 창신무학타운110,경상북도,경산시
424,부론점,강원도 원주시 부론면 법천시장길 66-11,강원도,원주시
425,부발점,경기도 이천시 부발읍 무촌로 137,경기도,이천시
426,부사점,대전광역시 중구 부사동 150-6,대전광역시,중구
427,부산송정점,부산광역시 해운대구 송정중앙로 15-1,부산광역시,해운대구
428,부산신평점,부산광역시 사하구 다대로142번길 130(신평동),부산광역시,사하구
429,부산지사, ,,
430,부석점,경상북도 영주시 부석면 소천리 381-7,경상북도,영주시
431,부송점,전라북도 익산시 부송1로 65,전라북도,익산시
432,부안점,강원도 춘천시 후석로 261(후평동),강원도,춘천시
433,부여점,충청남도 부여군 부여읍 성왕로 173번길 12,충청남도,부여군
434,부평남부점,인천광역시 부평구 부평6동 654-1,인천광역시,부평구
435,북가좌1점,"서울특별시 서대문구 증가로20길 80, 1층(북가좌동)",서울특별시,서대문구
436,북가좌2점,서울특별시 서대문구 북가좌2동 107-1 1층,서울특별시,서대문구
437,북문점,경기도 수원시장안구 영화동 325-4,경기도,수원시
438,북변점,경기도 김포시 북변동 688 대우아파트상가 111호,경기도,김포시
439,북부점(경주),경상북도 경주시 동부동 75-8,경상북도,경주시
440,북부점(포항),경상북도 포항시북구 두호동 1035-7,경상북도,포항시
441,북삼점,경상북도 칠곡군 북삼읍 평원2길 15,경상북도,칠곡군
442,북평점,강원도 동해시 대동로 131(북평동),강원도,동해시
443,북항점,전라남도 목포시 원산동 원산중앙로32,전라남도,목포시
444,분당동점,경기도 성남시분당구 분당동 39 샛별마을 삼부아파트상가 -101 1호,경기도,성남시
445,분평동점,"충청북도 청주시서원구 분평동 청남로2005번길, 27",충청북도,청주시
446,불광동점,"서울특별시 은평구 연서로34길 16(불광동, 1층)",서울특별시,은평구
447,불노지구점,인천광역시 서구 검단로 836 불로월드타운 1층 65호,인천광역시,서구
448,불당점,충청남도 천안시서북구 불당동 1124  101호,충청남도,천안시
449,불로점,대구광역시 동구 불로동 1139-7,대구광역시,동구
450,비래가양점,대전광역시 동구 가양2동 47-64,대전광역시,동구
451,비산1동점,"경기도 안양시동안구 비산로 21, 1층 102호(비산동)",경기도,안양시
452,비산삼호점,경기도 안양시동안구 비산동 377-4,경기도,안양시
453,비산점,대구광역시 서구 평리동 791-24,대구광역시,서구
454,비산B점,대구광역시 서구 비산1동 723-1,대구광역시,서구
455,비인점,충청남도 서천군 비인면 성내리 338-5,충청남도,서천군
456,사당4점,서울특별시 동작구 사당동 1033-23,서울특별시,동작구
457,사동2점,"경기도 안산시상록구 감골로 43(사동, 102호)",경기도,안산시
458,사동리점,경기도 이천시 대월면 사동로 162,경기도,이천시
459,사동점,경기도 안산시상록구 사동 1285-3,경기도,안산시
460,사북점,강원도 정선군 사북읍 사북중앙로 13,강원도,정선군
461,사우동점,강원도 춘천시 영서로 2818(사농동),강원도,춘천시
462,사우지구점,경기도 김포시 북변동 832 영풍아파트상가 104,경기도,김포시
463,사직점,부산광역시 동래구 사직동 19-45,부산광역시,동래구
464,사창동점,충청북도 청주시서원구 1순환로 688(사창동),충청북도,청주시
465,사창리점,강원도 화천군 사내면 사내로 47-1,강원도,화천군
466,산격점,대구광역시 북구 산격동 1232-3,대구광역시,북구
467,산본13점,"경기도 군포시 산본동 1059 우성상가A동 8,9호",경기도,군포시
468,산본3점,"경기도 군포시 광정로 25-16. 103호(금정동,퇴계종합상가)",경기도,군포시
469,산본6점,"경기도 군포시 산본천로 34-5(산본동, 세종종합상가동101호)",경기도,군포시
470,산본9점,경기도 군포시 산본동 수리산로203번안길 34 ,경기도,군포시
471,산본리점,경기도 군포시 금산로 62(산본동),경기도,군포시
472,산북점,경기도 여주군 산북면 상품로 99,경기도,여주시
473,산성점,대전광역시 중구 산성동 121-1,대전광역시,중구
474,삼계점,경상남도 김해시 삼계동 가야로 147번길 12-1 ,경상남도,김해시
475,삼광점,강원도 원주시 행구로 91(봉산동),강원도,원주시
476,삼동점,경기도 광주시 순암로 509(삼동),경기도,광주시
477,삼방점,경상남도 김해시 삼안로235번길 14(삼방동668-17),경상남도,김해시
478,삼보영남점,경기도 부천시원미구 중동 1170 삼보상가 109,경기도,부천시
479,삼산점,인천광역시 부평구 삼산동 201-3,인천광역시,부평구
480,삼성동점,"서울특별시 강남구 영동대로112길 61, 1층(삼성동)",서울특별시,강남구
481,삼송리점,경기도 고양시덕양구 삼송로193길 1-2,경기도,고양시
482,삼양동점,서울특별시 강북구 미아동 833-12,서울특별시,강북구
483,삼환대우점,"인천광역시 연수구 원인재로 88(동춘동, 삼환아파트상가동211호)",인천광역시,연수구
484,삽교점,충청남도 예산군 삽교읍 두리 570-52,충청남도,예산군
485,상계역점,"서울특별시 노원구 상계로23다길 4, 102호(상계동)",서울특별시,노원구
486,상대원1점,경기도 성남시중원구 박석로62번길 1(상대원동),경기도,성남시
487,상도4동점,서울특별시 동작구 상도4동 210-8,서울특별시,동작구
488,상도동점,서울특별시 동작구 상도동 22-107 102,서울특별시,동작구
489,상동라일락점,"경기도 부천시원미구 도약로 35, 105(상동)",경기도,부천시
490,상동점,전라북도 정읍시 상동 265-1(충정로 37),전라북도,정읍시
491,상동현대점,"경기도 부천시원미구 상동 555-8, 102호",경기도,부천시
492,상리점,경기도 여주군 여주읍 청심로 232,경기도,여주시
493,상무동점,"광주광역시 서구 치평로 15-1(치평동, 라이대주아파트상가215동111호)",광주광역시,서구
494,상봉동점(서울),서울특별시 중랑구 봉우재로 161(상봉동),서울특별시,중랑구
495,상운점,경상북도 봉화군 상운면 예봉로 1276,경상북도,봉화군
496,상인점,대구광역시 달서구 상인동 1457-16,대구광역시,달서구
497,상일동점,서울특별시 강동구 상일동 207 1층,서울특별시,강동구
498,새마을점,경기도 안양시만안구 안양동 759-51,경기도,안양시
499,샘머리점,대전광역시 서구 둔산동 908 상록스토아 306,대전광역시,서구
500,샘터점,경기도 고양시덕양구 화신로 73 D상가 103호,경기도,고양시
501,서3점,부산광역시 금정구 서3동 141-246,부산광역시,금정구
502,서귀동문점,제주특별자치도 서귀포시 서문로29번길 18,제주특별자치도,서귀포시
503,서남점,대구광역시 달서구 감삼동 63-7,대구광역시,달서구
504,서둔탑동평동점,"경기도 수원시권선구 탑동 328-5번지, 101호",경기도,수원시
505,서면점(충남),세종특별자치시   연서면 당산로 286 대원네스트빌@상가101,세종특별자치시,
506,서문점,경기도 수원시장안구 장안로 7번길1 1층,경기도,수원시
507,서변점,대구광역시 북구 서변동 1738-14,대구광역시,북구
508,서부점,경상남도 창원시진해구   충장로 100,경상남도,창원시
509,서사로점,제주특별자치도 제주시 삼도1동 538-16,제주특별자치도,제주시
510,서산1점,충청남도 서산시 읍내동 160-1,충청남도,서산시
511,서산부영점,충청남도 서산시 성암1로 56(읍내동),충청남도,서산시
512,서산삼성점,충청남도 서산시 동문동 538,충청남도,서산시
513,서상점,경상남도 함양군 서상면 서상로 290-2,경상남도,함양군
514,서석점,강원도 홍천군 서석면 구룡령로 2525,강원도,홍천군
515,서울온천점,"서울특별시 노원구 노원로16길 15, 상가동 1층 104호 (하계동,중계9단지상가)",서울특별시,노원구
516,서울지사,서울특별시 금천구 시흥동 985-14,서울특별시,금천구
517,서정점,경기도 평택시 서정동 288-15,경기도,평택시
518,서천점,충청남도 서천군 서천읍 군사리 715-2,충청남도,서천군
519,서천점(용인),"경기도 용인시기흥구 예현로35번길  서천동,1층",경기도,용인시
520,서초동점,서울특별시 서초구 서초동 1360-34 지층,서울특별시,서초구
521,서현점,경기도 성남시분당구 서현동 311 효자촌주상복합 604-110,경기도,성남시
522,석관동점,"서울특별시 성북구 돌곶이로22길 50(석관동, 1층)",서울특별시,성북구
523,석남점,인천광역시 서구 석남동 457-7,인천광역시,서구
524,석림점,충청남도 서산시 석림동 783-4,충청남도,서산시
525,석문점,충청남도 당진군 석문면 통정3길 1-1,충청남도,당진군
526,석사점,강원도 춘천시 석사동 백령로23번지 17-3(효자동),강원도,춘천시
527,석적점,경상북도 칠곡군 석적읍 북중리 11길 28,경상북도,칠곡군
528,석포점,경기도 화성시 장안면 버들로 1199,경기도,화성시
529,선부3점,경기도 안산시단원구 선삼로 1 (선부동 1층),경기도,안산시
530,선수촌점,서울특별시 송파구 잠실7동 85-1 아시아선수촌상가내,서울특별시,송파구
531,선유점,경기도 파주시 문산읍 독서울1길 39 휴먼시아상가 106,경기도,파주시
532,선화점,대전광역시 중구 은행동 1-1,대전광역시,중구
533,설봉점,경기도 이천시 향교로 106(창전동),경기도,이천시
534,설성점,경기도 이천시 설성면 설장로 12-1(금성빌딩),경기도,이천시
535,설악동점,강원도 속초시 청봉로4길 1(설악동),강원도,속초시
536,설악면점,경기도 가평군 설악면 신천 중앙로 131,경기도,가평군
537,성거점,충청남도 천안시서북구 성거읍 성거길 90,충청남도,천안시
538,성건점,경상북도 경주시 성건동 625-8,경상북도,경주시
539,성남점,경기도 성남시중원구 성남동 4149,경기도,성남시
540,성남점(울산),울산광역시 중구 성남동 57-2 2F,울산광역시,중구
541,성내점,서울특별시 강동구 성내1동 560-5,서울특별시,강동구
542,성당점,"대구광역시 달서구 장기로 97(성당동, 보람빌딩지하1층)",대구광역시,달서구
543,성대1점,"경기도 수원시장안구 율전동 382-4, 1층",경기도,수원시
544,성대2점,경기도 수원시장안구 율전동 108-4,경기도,수원시
545,성모점,경기도 의정부시 금오로 111,경기도,의정부시
546,성산동점,서울특별시 마포구 중동 64-25,서울특별시,마포구
547,성산점,제주특별자치도 서귀포시 성산읍 성산중앙로 38,제주특별자치도,서귀포시
548,성서점,"대구광역시 달서구 이곡동 1194-2, 상가108호",대구광역시,달서구
549,성석점,경기도 고양시일산동구 고봉로 616(성석동),경기도,고양시
550,성정2점,충청남도 천안시서북구 성정동 서부11길 27,충청남도,천안시
551,성정점,충청남도 천안시서북구 성정동 성정로 141,충청남도,천안시
552,성환점,충청남도 천안시서북구 성환읍 성환리 345-3,충청남도,천안시
553,세검정점,서울특별시 종로구 평창동 285-2,서울특별시,종로구
554,세곡점,서울특별시 강남구 세곡동 124-2 1층 16,서울특별시,강남구
555,세류점,경기도 수원시권선구 세류3동 524-25,경기도,수원시
556,세종첫마을점,"세종특별자치시   나리로 38, 첫마을아파트 7단지 상가 103호",세종특별자치시,
557,세종청사점,"세종특별자치시   갈매로 479, 101(어진동, 상가동지하1층)",세종특별자치시,
558,센트럴파크점,인천광역시 연수구 송도동 컨벤시아대로 50 ,인천광역시,연수구
559,소래점,인천광역시 남동구 논현동 577 풍림상가 111호,인천광역시,남동구
560,소사1점,경기도 부천시소사구 소사본동 68-5,경기도,부천시
561,소사3점,"경기도 부천시소사구 소사로160번길 26-2, 1층일부(소사본동)",경기도,부천시
562,소양로점,강원도 춘천시 중앙로 126번지(소양로4가),강원도,춘천시
563,소촌점,광주광역시 광산구 소촌동 610 서라@상가105,광주광역시,광산구
564,속리산점,충청북도 보은군 속리산면 사내리 281-1,충청북도,보은군
565,송강그린점,대전광역시 유성구 송강동 208-7,대전광역시,유성구
566,송강마을점,대전광역시 유성구 구즉로58번길 12(송강동),대전광역시,유성구
567,송내1점,"경기도 부천시소사구 경인로134번길 72, 202호(송내동,단지내상가2층)",경기도,부천시
568,송내점,경기도 동두천시 중앙로 126 생연프라자 101호,경기도,동두천시
569,송도럭키점,인천광역시 연수구 옥련동 626 럭키아파트 일반상가 103호,인천광역시,연수구
570,송도신도시점,"인천광역시 연수구 해돋이로6번길 33, 한진해모로상가 105호",인천광역시,연수구
571,송도점,인천광역시 연수구 비류대로 216 1층4호,인천광역시,연수구
572,송림점,인천광역시 동구 송림동 55-227 1층,인천광역시,동구
573,송산점,충청남도 당진시 송산면 유곡리 355-36,충청남도,당진시
574,송악점,충청남도 아산시 송악면 외암리 595-104,충청남도,아산시
575,송월점,인천광역시 중구 송월동1가 11-128,인천광역시,중구
576,송정점,"강원도 동해시 동해항2길 5, 7/2(송정동)",강원도,동해시
577,송지호점,강원도 고성군 죽왕면 동해대로 5902,강원도,고성군
578,송천점,전라북도 전주시덕진구 솔내로 111(송천동1가),전라북도,전주시
579,송촌점,대전광역시 대덕구 송촌동 222-12,대전광역시,대덕구
580,송파한양점,서울특별시 송파구 송파동 122-3,서울특별시,송파구
581,송현점,대구광역시 달서구 송현동 798-23,대구광역시,달서구
582,수곡동점,충청북도 청주시서원구 수곡동80-20 (청남로 2092-1),충청북도,청주시
583,수리산역점,"경기도 군포시 번영로 403, 211(산본동, 가야주공)",경기도,군포시
584,수림점,인천광역시 남동구 주안로237번길 1,인천광역시,남동구
585,수서점,"서울특별시 강남구 광평로51길 49, 수서주공아파트상가112",서울특별시,강남구
586,수성점,대구광역시 수성구 수성동1가 82-2,대구광역시,수성구
587,수안보점,충청북도 충주시 수안보면 장터2길 20-7,충청북도,충주시
588,수완점,광주광역시 광산구 신가동 1101,광주광역시,광산구
589,수원지사, ,,
590,수유점,서울특별시 강북구 수유동 252-28,서울특별시,강북구
591,수지점,경기도 용인시수지구 풍덕천로 188-1(풍덕천동),경기도,용인시
592,순흥점,경상북도 영주시 순흥면 읍내리 315-1,경상북도,영주시
593,시화3점,"경기도 시흥시 정왕2동 57-3, 한일상가 109호",경기도,시흥시
594,시화5점,경기도 시흥시 역전로 427 세종상가 104,경기도,시흥시
595,시화6점,경기도 시흥시 정왕동 1847 청솔아파트 상가 104호,경기도,시흥시
596,시화7점,"경기도 시흥시 정왕4동 정왕신길로49번길 37,109(서해APT상가)",경기도,시흥시
597,시화8점,경기도 시흥시 정왕동 정왕대로266번길 6 금강아파트 상가 108호,경기도,시흥시
598,시화지구점,경기도 시흥시 봉우재로 7번길 20,경기도,시흥시
599,시흥공구점,서울특별시 금천구 시흥동 941-1,서울특별시,금천구
600,시흥사거리점,서울특별시 금천구 시흥1동 995-10 1층,서울특별시,금천구
601,신갈점,경기도 용인시기흥구 신갈동 28-9,경기도,용인시
602,신계점,충청남도 천안시동남구 목천읍 충철로 874 협성엠파이어아파트 상가 106~107호,충청남도,천안시
603,신곡점,경기도 의정부시 시민로 240,경기도,의정부시
604,신공덕점,"서울특별시 마포구 만리재옛길 20(신공덕동, 1층)",서울특별시,마포구
605,신공항점,"인천광역시 중구 영종대로27번길 39 상가-103(운서동, 창보밀레시티)",인천광역시,중구
606,신관점,충청남도 공주시 신관동 177-1,충청남도,공주시
607,신관초교점,충청남도 공주시 신관동 319-7 신관초교 후문앞,충청남도,공주시
608,신구로점,"서울특별시 구로구 구로중앙로28다길 21, 1층101호(구로동)",서울특별시,구로구
609,신길2점,서울특별시 영등포구 신길동 451-1,서울특별시,영등포구
610,신내동점,"서울특별시 중랑구 봉화산로 236(신내동, 102호)",서울특별시,중랑구
611,신대방역점,서울특별시 관악구 신림동 542-17,서울특별시,관악구
612,신대점,대전광역시 대덕구 신대동 216번지,대전광역시,대덕구
613,신도림점,서울특별시 구로구 신도림로11다길 23(신도림동),서울특별시,구로구
614,신둔점,경기도 이천시 신둔면 경춘대로 3155,경기도,이천시
615,신례원점,충청남도 예산군 예산읍 창말로 8,충청남도,예산군
616,신림2점,서울특별시 관악구 신림동 251-461,서울특별시,관악구
617,신림3점,서울특별시 관악구 신림동 1641-26 지상2층 일부,서울특별시,관악구
618,신림점(원주),강원도 원주시 신림면 신림황둔로 4,강원도,원주시
619,신매점,대구광역시 수성구 신매동 599-15,대구광역시,수성구
620,신반점,경상남도 의령군 부림면 신번로 164,경상남도,의령군
621,신부점,충청남도 천안시동남구 터미널7길 26,충청남도,천안시
622,신사동점,서울특별시 은평구 갈현로3길 33-8.1층,서울특별시,은평구
623,신선점,부산광역시 영도구 하나길 614,부산광역시,영도구
624,신설동점,서울특별시 종로구 숭인2동 699,서울특별시,종로구
625,신성점,대전광역시 유성구 신선로 72번길 30,대전광역시,유성구
626,신수동점,"서울특별시 마포구 토정로 240, 1-1(신수동, 상가)",서울특별시,마포구
627,신수리점,강원도 철원군 서면 자등로 593,강원도,철원군
628,신시가지점,제주특별자치도 서귀포시 김정문화로 66(법환동),제주특별자치도,서귀포시
629,신양점,충청남도 예산군 신양면 청신로 364,충청남도,예산군
630,신영통점,경기도 수원시영통구 영통로90번길 4-9(망포동485-3),경기도,수원시
631,신원당점,경기도 고양시덕양구 고양대로1384 19-23 동문상가 1층 ,경기도,고양시
632,신월4점,서울특별시 양천구 신월4동 447-4,서울특별시,양천구
633,신월7점,서울특별시 양천구 신월7동 952-1 대지상가 105,서울특별시,양천구
634,신장동점,경기도 하남시 신장동 443-21,경기도,하남시
635,신정1점,"서울특별시 양천구 중앙로32길 55, 1층 101호 (신정동)",서울특별시,양천구
636,신정2점,"서울특별시 양천구 신목로2길 11, 1층 103호 (신정동,청구아파트상가)",서울특별시,양천구
637,신제주점,제주특별자치도 제주시 신대로 124(연동),제주특별자치도,제주시
638,신창부영점,광주광역시 광산구 신창동 1270번지 부영@2차 상가 2-106,광주광역시,광산구
639,신창점,충청남도 아산시 신창면 서부남로 868,충청남도,아산시
640,신천은행점,경기도 시흥시 신천동 781-22,경기도,시흥시
641,신천점,대구광역시 동구 신천동 279-17,대구광역시,동구
642,신탄1덕암점,대전광역시 대덕구 평촌동 535-1 덕암연립상가2동 1층 1호~2호,대전광역시,대덕구
643,신탄3점,대전광역시 대덕구 신탄진동 18-8,대전광역시,대덕구
644,신태인점,전라북도 정읍시 신태인중앙로 7,전라북도,정읍시
645,신풍시장점,서울특별시 영등포구 신길3동 325-96,서울특별시,영등포구
646,신항점,충청남도 태안군 근흥면 신진도리 527-8,충청남도,태안군
647,신현리점,경기도 광주시 오포읍 새말길 94,경기도,광주시
648,신현점,인천광역시 서구 원창로239번길 4(가정동),인천광역시,서구
649,신흥2점,"경기도 성남시수정구 수정로220번길 5, 1층(신흥동)",경기도,성남시
650,심곡5점,경기도 부천시원미구 부흥로373번길 44,경기도,부천시
651,심곡본1점,"경기도 부천시소사구 성주로 159(심곡본동,1층)",경기도,부천시
652,심곡점,인천광역시 서구 심곡로 170 상가동 1층 103호,인천광역시,서구
653,십정2점,인천광역시 부평구 이규보로95번길 14,인천광역시,부평구
654,십정점,"인천광역시 부평구 배곶남로21번길 1, 1층",인천광역시,부평구
655,쌍문동점,서울특별시 도봉구 쌍문동 56 삼익A 상가 107,서울특별시,도봉구
656,쌍촌시영점,광주광역시 서구 쌍촌로 37,광주광역시,서구
657,아동점,경기도 파주시 정담길 5(아동동),경기도,파주시
658,아라점,제주특별자치도 제주시 아라동 아라주공 아파트 상가 106호,제주특별자치도,제주시
659,아산풍기점,충청남도 아산시 풍기동 514,충청남도,아산시
660,아중점,전라북도 전주시덕진구 인후동1가 888-7,전라북도,전주시
661,안강점,경상북도 경주시 안강읍 비화원로 117,경상북도,경주시
662,안녕송산점,경기도 화성시 안녕동 37-1,경기도,화성시
663,안면점,충청남도 태안군 안면읍 장터로 114,충청남도,태안군
664,안산3점,경기도 안산시단원구 예술대학로 107 상가104호,경기도,안산시
665,안산상록수점,경기도 안산시상록구 본삼로 17 1층 103호,경기도,안산시
666,안산이동점,"경기도 안산시상록구 도매시장로 34-1, 102호",경기도,안산시
667,안산일동점,경기도 안산시상록구 호동로 81(일동),경기도,안산시
668,안산효자점,경기도 안산시단원구 선부광장서로1길 15 효자상가103호,경기도,안산시
669,안서점,충청남도 천안시동남구 안서동 중암1길 17,충청남도,천안시
670,안성2점,경기도 안성시 신건지동 1-2,경기도,안성시
671,안양5동점,경기도 안양시만안구 안양동 388-12,경기도,안양시
672,안의점,경상남도 함양군 안의면 금천리 203-4,경상남도,함양군
673,안정리점,"경기도 평택시 팽성읍 안정쇼핑로 77-2, 12",경기도,평택시
674,안중점,경기도 평택시 안중읍 안현로서7길 16,경기도,평택시
675,안흥점,강원도 횡성군 안흥면 안흥로 30-1,강원도,횡성군
676,암사역점,서울특별시 강동구 암사1동 501-25,서울특별시,강동구
677,앙성점,충청북도 충주시 앙성면 가곡로 1033-1,충청북도,충주시
678,애월점,제주특별자치도 제주시 애월읍 애월리 1717-6,제주특별자치도,제주시
679,야탑점,"경기도 성남시분당구 야탑로139번길 18-3 (야탑동,1층)",경기도,성남시
680,약대점,경기도 부천시오정구 삼정동 318-5 1층,경기도,부천시
681,약목점,경상북도 칠곡군 약목면 약목로 94-2(2층 건물내 1층),경상북도,칠곡군
682,약수역점,서울특별시 중구 신당동 321-1 1층,서울특별시,중구
683,양곡1점,경기도 김포시 양촌읍 양곡2로60번길 53 101호,경기도,김포시
684,양덕원점,강원도 홍천군 남면 시동로 4,강원도,홍천군
685,양동점,경기도 양평군 양동면 양동시장길 6-5,경기도,양평군
686,양문점,경기도 포천시 영중면 양문로 98-1,경기도,포천시
687,양벌점,경기도 광주시 오포읍 양벌로 190,경기도,광주시
688,양성점,경기도 안성시 양성면 읍내길 26,경기도,안성시
689,양수리점,경기도 양평군 양서면 양수로150번길 9-2,경기도,양평군
690,양재점,서울특별시 서초구 양재동 8-71 광성빌딜 1층,서울특별시,서초구
691,양정염포점,울산광역시 북구 염포로 591-1(양정동),울산광역시,북구
692,양평동부점,경기도 양평군 양평읍 시민로 30,경기도,양평군
693,양평옥천점,"경기도 양평군 옥천면 북부길9번길, 5",경기도,양평군
694,양평용문점,경기도 양평군 용문면 용문로 359,경기도,양평군
695,양평점,경기도 양평군 양평읍 중앙로167번길62,경기도,양평군
696,어양점,전라북도 익산시 고봉로18길 107(어양동),전라북도,익산시
697,언양점,울산광역시 울주군 언양읍 읍성로 40,울산광역시,울주군
698,엄사금암점,충청남도 계룡시 엄사면 번영2길 4-41 101,충청남도,계룡시
699,엄정점,충청북도 충주시 엄정면 내창로 205,충청북도,충주시
700,여월점,경기도 부천시오정구 여월동 52-4 1층,경기도,부천시
701,여의도점,"서울특별시 영등포구 여의나루로 117, 109(여의도동)",서울특별시,영등포구
702,여주점,경기도 여주군 여주읍 여흥로 97,경기도,여주시
703,역곡1점,경기도 부천시원미구 역곡로 61 (역곡동),경기도,부천시
704,역북점,경기도 용인시처인구 역북동 중부대로1299번길 12 ,경기도,용인시
705,역삼동점,"서울특별시 강남구 논현로63길 16, 1층116호(역삼동,역삼종합시장더블루)",서울특별시,강남구
706,연남동점,서울특별시 마포구 연남로 41(연남동),서울특별시,마포구
707,연동점,제주특별자치도 제주시 연동 251-23,제주특별자치도,제주시
708,연무대점,충청남도 논산시 연무읍 안심로 127,충청남도,논산시
709,연봉점,강원도 홍천군 홍천읍 무궁화로 88,강원도,홍천군
710,연성점,"경기도 시흥시 인선길 100, 107호(장곡동, 연성프라자)",경기도,시흥시
711,연수3점,인천광역시 연수구 연수동 540 문남상가 107호,인천광역시,연수구
712,연수5점,"인천광역시 연수구 먼우금로 126, 107호(동춘동, 대림현대)",인천광역시,연수구
713,연수6점,"인천광역시 연수구 샘말로 106-7(연수동, 1층 일부)",인천광역시,연수구
714,연수동점,충청북도 충주시 연원로 28(연수동),충청북도,충주시
715,연수주공점,인천광역시 연수구 연수동 533 연수상가 103호,인천광역시,연수구
716,연안점,인천광역시 중구 항동7가 27-35,인천광역시,중구
717,연지점,경기도 안성시 연지동 16-1,경기도,안성시
718,연천점,경기도 연천군 연천읍 연천로 262,경기도,연천군
719,연풍점,경기도 파주시 파주읍 술이홀로 449,경기도,파주시
720,연풍점(충북),충청북도 괴산군 연풍면 향교로 28,충청북도,괴산군
721,염창동점,서울특별시 강서구 공항대로65길 51. 1층(염창동),서울특별시,강서구
722,영광점,전라남도 영광군 영광읍 남천리 312-2,전라남도,영광군
723,영덕점,경상북도 영덕군 영덕읍 중앙길 120-3,경상북도,영덕군
724,영동아파트점,"서울특별시 강남구 역삼로64길 11, 1층(대치동)",서울특별시,강남구
725,영등포점,서울특별시 영등포구 당산동3가 27,서울특별시,영등포구
726,영오점,경상남도 고성군 영오면 영회로 514,경상남도,고성군
727,영운동점,충청북도 청주시상당구 영운로 34-1(영운동),충청북도,청주시
728,영월삼호점,강원도 영월군 영월읍 단종로 88,강원도,영월군
729,영월점,강원도 영월군 영월읍 하송안길 114,강원도,영월군
730,영주지사, ,,
731,영천시장점,서울특별시 서대문구 천연동 1 냉천동 190,서울특별시,서대문구
732,영천점,"경상북도 영천시 충효로 71, 1층(문외동)",경상북도,영천시
733,"영통1,경희점","경기도 수원시영통구 영통동 1020-1, 102호",경기도,수원시
734,영통2점,경기도 수원시영통구 영통동 955-1 황골마을1단지 상가-106,경기도,수원시
735,영해점,경상북도 영덕군 영해면 성내리 470-31,경상북도,영덕군
736,예산1점,충청남도 예산군 예산읍 예산리 천변로 179,충청남도,예산군
737,예산2점,충청남도 예산군 예산읍 주교리 225-9,충청남도,예산군
738,예천점,경상북도 예천군 예천읍 남본리 222-2번지,경상북도,예천군
739,오남리점,경기도 남양주시 오남읍 진건오남로 626,경기도,남양주시
740,오류1점,서울특별시 구로구 고척로1길 5 (오류동),서울특별시,구로구
741,오목천점,경기도 수원시권선구 오목천동 500-1,경기도,수원시
742,오산1점,경기도 오산시 오산로 190번길 24,경기도,오산시
743,오산2점,경기도 오산시 원동 761-2,경기도,오산시
744,오성점,경기도 평택시 오성면 숙성리 137-7,경기도,평택시
745,오정점,경기도 부천시오정구 오정동 573-6,경기도,부천시
746,오크밸리점,강원도 원주시    ,강원도,원주시
747,오포점,경기도 광주시 오포읍 오포로 865,경기도,광주시
748,오학점,경기도 여주군 여주읍 현암2길28-11,경기도,여주시
749,옥계점(대전),대전광역시 중구 대종로 59(옥계동),대전광역시,중구
750,옥산점,경상북도 경산시 성암로 10길 2-12(옥산동),경상북도,경산시
751,옥수동점,"서울특별시 성동구 독서당로39길 48, 1층 (옥수동)",서울특별시,성동구
752,옥정점,"경기도 양주시 옥정동로 162, 율정동율정마을13단지상가",경기도,양주시
753,옥천점(충북),충청북도 옥천군 옥천읍 금구리 24-6,충청북도,옥천군
754,옥포1점,경상남도 거제시 옥포로 280,경상남도,거제시
755,온산점,울산광역시 울주군 온산읍 덕신리 480-1,울산광역시,울주군
756,온수리점,인천광역시 강화군 길상면 온수리 547-1,인천광역시,강화군
757,온양1점,충청남도 아산시 충무로 20번길 20,충청남도,아산시
758,와룡점,"대구광역시 달서구 이곡동로 32, 403-106(이곡동,성서와룡타운)",대구광역시,달서구
759,와수리점,강원도 철원군 서면 와수리 168-1,강원도,철원군
760,왕십리점,서울특별시 성동구 하왕십리2동 955-11,서울특별시,성동구
761,왜관점,경상북도 칠곡군 왜관읍 구상길 180 삼성A104,경상북도,칠곡군
762,외동점,경상남도 김해시 외동 1214-2,경상남도,김해시
763,요선동점,강원도 춘천시 요선동 서부대성로48번길 24,강원도,춘천시
764,용강점,경상북도 경주시 승삼1길 6-10,경상북도,경주시
765,용산점,대구광역시 달서구 용산동 954-11,대구광역시,달서구
766,용운점,대전광역시 동구 용운동 307-11,대전광역시,동구
767,용원점,경상남도 창원시진해구 용원동 용재로29번길 5-17,경상남도,창원시
768,용인구성점,경기도 용인시기흥구 구성로 176(언남동),경기도,용인시
769,용전점,"대전광역시 동구 계족로 481(용전동, 1층)",대전광역시,동구
770,용현1호점,인천광역시 남구 인하로91번길 20,인천광역시,남구
771,용현2호점,인천광역시 남구 낙섬중로 11(용현동),인천광역시,남구
772,용현점,"경기도 의정부시 충의로57번길 7-3(용현동, 1층)",경기도,의정부시
773,용호2점,부산광역시 남구 용호동 529-1,부산광역시,남구
774,용호점,"부산광역시 남구 용호로42번길 104(용호동,1층)",부산광역시,남구
775,용화점,"충청남도 아산시 용화동 694, 101호",충청남도,아산시
776,우만.지동점,경기도 수원시팔달구 우만동 469-15  1층,경기도,수원시
777,우면동점,"서울특별시 서초구 바우뫼로7길 11, 1층 106호(우면동,우면아파트상가)",서울특별시,서초구
778,우성점,충청남도 천안시서북구 직산읍 자은가리1길 68  ,충청남도,천안시
779,우암점,충청북도 청주시상당구 향군로 20(우암점),충청북도,청주시
780,우천점,강원도 횡성군 우천면 수남로 333,강원도,횡성군
781,운남삼성점,광주광역시 광산구 운남동 387-22번지 삼성@ 상가 127호,광주광역시,광산구
782,운정1점,"경기도 파주시 미래로 603, 상가동 203호(목동동)",경기도,파주시
783,운정2점,경기도 파주시 교하읍 동패로 115 상가동116호,경기도,파주시
784,운천점,경기도 포천시 영북면 운천로 10,경기도,포천시
785,운천한화점,경기도 포천시 영북면 산정리 454-4,경기도,포천시
786,울산신정1점,울산광역시 남구 신정동 521-19,울산광역시,남구
787,원곡동점,"경기도 안산시단원구 화랑로 92, 101(원곡동, 복원연립가동)",경기도,안산시
788,원남점,경상북도 울진군 매화면 매화리 1165-17,경상북도,울진군
789,원동일산점,"강원도 원주시 무실로 96, 1층 (일산동)",강원도,원주시
790,원미1점,경기도 부천시원미구 원미로 89-1(원미동),경기도,부천시
791,원북점,충청남도 태안군 원북면 원이로 837,충청남도,태안군
792,원앙마을점,충청남도 천안시동남구 목천읍 삼성리 9-9 부영A상가 110,충청남도,천안시
793,원종3점,경기도 부천시오정구 원종동 206-3,경기도,부천시
794,원주역전점,강원도 원주시 원일로 208(학성동),강원도,원주시
795,원주지사,테스트 테스트구 테스트점 23-123,테스트,테스트구
796,원천점,경기도 수원시영통구 매탄2동 동탄원천로1109번길 42 원천성일아파트상가동 103호,경기도,수원시
797,원천주공점,경기도 수원시영통구 원천동 548 원천주공 상가 103호,경기도,수원시
798,원통점,강원도 인제군 북면 금강로 46,강원도,인제군
799,원호점,경상북도 구미시 도량동 687-7,경상북도,구미시
800,월계동점,서울특별시 노원구 광운로2나길 11,서울특별시,노원구
801,월계삼호점,서울특별시 노원구 월계3동 12-1 삼호4차 상가,서울특별시,노원구
802,월곡2점,서울특별시 성북구 하월곡2동 37-18,서울특별시,성북구
803,월봉점,충청남도 천안시서북구 쌍용동 월봉로 79,충청남도,천안시
804,월산부영점,충청남도 홍성군 홍성읍 월산로30번길 6,충청남도,홍성군
805,월평점,대전광역시 서구 월평동 1154,대전광역시,서구
806,월피주공점,경기도 안산시상록구 월피동 446-2 주공상가 107호,경기도,안산시
807,위례신도시점,"경기도 성남시수정구 위례서일로3길 31, 101호(창곡동)",경기도,성남시
808,위미점,제주특별자치도 서귀포시 남원읍 위미리 1759-2,제주특별자치도,서귀포시
809,유구점,충청남도 공주시 유구읍 중앙1길 88,충청남도,공주시
810,유성1점,"대전광역시 유성구 구암동 610-1, 103",대전광역시,유성구
811,유성2점,대전광역시 유성구 장대동 269-8,대전광역시,유성구
812,유원지점,경기도 안양시만안구 안양동 41-1,경기도,안양시
813,유천2체인,대전광역시 중구 유천동 127-7,대전광역시,중구
814,유천점,대전광역시 중구 유천동 285-19,대전광역시,중구
815,율도점,인천광역시 서구 신현동 173-35,인천광역시,서구
816,율량점,충청북도 청주시상당구 율봉로152번길 18(율량동),충청북도,청주시
817,율암온천점,경기도 화성시 팔탄면 율암리 842-40,경기도,화성시
818,율하점,대구광역시 동구 율하동로12길 12(율하동),대구광역시,동구
819,으뜸점,광주광역시 서구 치평동 1168번지 해광한신@ 상가 113호,광주광역시,서구
820,은빛점,경기도 고양시덕양구 화중로130번길 5-19,경기도,고양시
821,은평구청점,서울특별시 은평구 은평로 200(응암동),서울특별시,은평구
822,은행나무점,서울특별시 금천구 탑골로 17,서울특별시,금천구
823,은행점,경기도 성남시중원구 은행동 산성대로582번길 14 (아이아빌딩1층),경기도,성남시
824,은행택지점,"경기도 시흥시 은행로 107 상가-1202(은행동, 대우3차)",경기도,시흥시
825,음봉점,충청남도 아산시 음봉면 산동안길 10,충청남도,아산시
826,음성점,충청북도 음성군 음성읍 문화길 6,충청북도,음성군
827,응암1점,서울특별시 은평구 응암동 124-17,서울특별시,은평구
828,의당.신한점,충청남도 공주시 의당면 연수원길 115-2 102호,충청남도,공주시
829,의정부지사, ,,
830,이대점,서울특별시 마포구 염리동 9-32,서울특별시,마포구
831,이도점,"제주특별자치도 제주시 도남로15길 4-12, 101(도남동)",제주특별자치도,제주시
832,이동점,경기도 포천시 이동면 화동로 2105,경기도,포천시
833,이매점,경기도 성남시분당구 이매로 54 이매촌분산상가 101호,경기도,성남시
834,이수점,충청남도 천안시서북구 백석동 433-3,충청남도,천안시
835,이원점,충청북도 옥천군 이원면 강청리 82-6,충청북도,옥천군
836,이월점,충청북도 진천군 이월면 진광로 789-1,충청북도,진천군
837,이주단지점,충청남도 당진군 송악읍 신복운로6길 7(1층),충청남도,당진군
838,이천중앙점,경기도 이천시 서희로 37(중리동),경기도,이천시
839,이천현대점,"경기도 이천시 부발읍 경충대로2110번길, 14",경기도,이천시
840,이충점,경기도 평택시 이충동 680번지,경기도,평택시
841,이화동점,서울특별시 종로구 대학로 52(연건동),서울특별시,종로구
842,인계점,경기도 수원시팔달구 인계동 163번지,경기도,수원시
843,인덕원점,"경기도 안양시동안구 흥안대로517번 49, 1층(관양동)",경기도,안양시
844,인동점(대전),대전광역시 동구 인동 147-7,대전광역시,동구
845,인월점,전라북도 남원시 인월면 인월리 249-16,전라북도,남원시
846,인제점,강원도 인제군 인제읍 비봉로 3,강원도,인제군
847,인제현리점,강원도 인제군 기린면 기린로 19,강원도,인제군
848,인창점,경기도 구리시 동구릉로 32,경기도,구리시
849,인천남부점,"인천광역시 남동구 성리로35번길 20-1(구월동, 1층)",인천광역시,남동구
850,인천남촌점,인천광역시 남동구 남촌동로 52-1,인천광역시,남동구
851,인천지사, ,,
852,일동점,경기도 포천시 일동면 회동로 1073,경기도,포천시
853,일신점,인천광역시 부평구 일신로 11,인천광역시,부평구
854,임계점,강원도 정선군 임계면 송계5길 5,강원도,정선군
855,임은점,경상북도 구미시 임은길 50,경상북도,구미시
856,자양1점,"서울특별시 광진구 자양로13다길 47(자양동, 1층)",서울특별시,광진구
857,자양3점,서울특별시 광진구 뚝섬로 693,서울특별시,광진구
858,자양점,대전광역시 동구 자양동 190-36,대전광역시,동구
859,자유점,"강원도 원주시 자유시장길 7, 22-3(중앙동)",강원도,원주시
860,작전1점,"인천광역시 계양구 주부토로 468(작전동, 상가동1층6호)",인천광역시,계양구
861,작전2점,인천광역시 계양구 작전2동 853-26,인천광역시,계양구
862,작전3점,인천광역시 계양구 효성동 197-19,인천광역시,계양구
863,작전현대점,인천광역시 계양구 작전동 580-1 현대아파트상가 1층,인천광역시,계양구
864,잠실새마을점,"서울특별시 송파구 백제고분로7길 39, 1층 106호(잠실동,고려빌딩)",서울특별시,송파구
865,장계점,전라북도 장수군 장계면 한들로 81,전라북도,장수군
866,장기2점,경기도 김포시 김포한강1로 97번길 10-14 102호(장기동),경기도,김포시
867,장기월드점,"경기도 김포시 전원로 32, 116호(장기동, 월드상가)",경기도,김포시
868,장락고암점,충청북도 제천시 신죽하로 83-24(장락동),충청북도,제천시
869,장량점,경상북도 포항시북구 장량로87번길 6-15,경상북도,포항시
870,장림1점,부산광역시 사하구 장림동 641-180,부산광역시,사하구
871,장미점,서울특별시 송파구 신천동 7 장미 B-202,서울특별시,송파구
872,장성점,강원도 태백시 장성시장1길 3(장성동),강원도,태백시
873,장수점,경상북도 영주시 장수면 장수로 48,경상북도,영주시
874,장암주공점,"경기도 의정부시 회룡로 223, (신곡동,장암주공5단지 상가103)",경기도,의정부시
875,장양리점,강원도 원주시 소초면 장막1길 7,강원도,원주시
876,장위동점,서울특별시 성북구 장월로 90,서울특별시,성북구
877,장유2점,경상남도 김해시 대청동 291-1 ,경상남도,김해시
878,장유점,경상남도 김해시 무계동 278,경상남도,김해시
879,장평점,"경상남도 거제시 장평3로7길 58(장평동, 1층)",경상남도,거제시
880,장항점,충청남도 서천군 장항읍 장항로 125-1,충청남도,서천군
881,장현점,"경기도 남양주시 진접읍 봉현로36번길, 2",경기도,남양주시
882,장호원점,경기도 이천시 장호원읍 샘재로147번길 26,경기도,이천시
883,장흥관산점,전라남도 장흥군 관산읍 관산로 119-1,전라남도,장흥군
884,장흥점,전라남도 장흥군 장흥읍 동교3길 8,전라남도,장흥군
885,적성점,경기도 파주시 적성면 청송로 1020,경기도,파주시
886,전곡터미널점,경기도 연천군 전곡읍 온골로 56,경기도,연천군
887,전남금산점,전라남도 고흥군 금산면 대흥리 360-20,전라남도,고흥군
888,전대리점,"경기도 용인시처인구 포곡읍 전대로78번길, 1-3",경기도,용인시
889,전대점,"광주광역시 북구 서양로41번길 8, 1층(중흥동)",광주광역시,북구
890,전민점,"대전광역시 유성구 전민로10번길 49(전민동, 1층)",대전광역시,유성구
891,전북지사, ,,
892,전의점,세종특별자치시   전의면 운주산로 1205,세종특별자치시,
893,전하점,울산광역시 동구 전하동 618-8,울산광역시,동구
894,점동점,경기도 여주군 점동면 청안로 134,경기도,여주시
895,점촌점,경상북도 문경시 점촌동 127-26,경상북도,문경시
896,정남점,경기도 화성시 정남면 괘량리 1048-3,경기도,화성시
897,정릉4동점,서울특별시 성북구 정릉동 372-47,서울특별시,성북구
898,정릉점,서울특별시 성북구 돈암동 43-6,서울특별시,성북구
899,정림점,대전광역시 서구 정림동 666번지,대전광역시,서구
900,정산점,충청남도 청양군 정산면 서정리 168,충청남도,청양군
901,정선점,강원도 정선군 정선읍 정선로 1352,강원도,정선군
902,정자점(분당),"경기도 성남시분당구 황새울로116번 28, 1층(정자동)",경기도,성남시
903,정자점(수원),"경기도 수원시장안구 장안로 183, 연꽃마을 벽산아파트 상가동 105호",경기도,수원시
904,제물포점,인천광역시 남구 장천로112번길 10 1층,인천광역시,남구
905,제부도점,경기도 화성시 서신면 해안길 246-1,경기도,화성시
906,제주동문점,제주특별자치도 제주시 일도1동 1084-13,제주특별자치도,제주시
907,제주지사, ,,
908,제천역전점,충청북도 제천시 내토로 435-1,충청북도,제천시
909,조암점,경기도 화성시 우정읍 조암서로22번길 21,경기도,화성시
910,조양동점,강원도 속초시 동해대로 3998(조양동),강원도,속초시
911,조원점,경기도 수원시장안구 송정로187번길 49,경기도,수원시
912,조원주공점,경기도 수원시장안구 금당로39번길 34 주공APT2단지상가1/2 101,경기도,수원시
913,조천점,제주특별자치도 제주시 조천읍  조천리 2589,제주특별자치도,제주시
914,조치원2점,세종특별자치시   조치원읍 조치원로 52,세종특별자치시,
915,조치원3점,세종특별자치시   조치원읍 충현로 159 욱일@상가B07호,세종특별자치시,
916,종로낙원점,서울특별시 종로구 낙원동 49,서울특별시,종로구
917,주공1점,경기도 평택시 평택2로 108 (비전동),경기도,평택시
918,주덕점,충청북도 충주시 주덕읍 쌀전길 4,충청북도,충주시
919,주문진점,강원도 강릉시 주문진읍 주문로 117,강원도,강릉시
920,주안1점,인천광역시 남구 주안동 1523-5,인천광역시,남구
921,주안2동점,인천광역시 남구 주안2동 551-26,인천광역시,남구
922,주안점,"인천광역시 남구 석정로 399, 106호",인천광역시,남구
923,주원점,인천광역시 남구 주안동 1593-34,인천광역시,남구
924,주천점,강원도 영월군 주천로84번길 14,강원도,영월군
925,죽림점,"경상남도 통영시 광도면 죽림1로 17-37, 102호(용문빌딩1층)",경상남도,통영시
926,죽변점,경상북도 울진군 죽변면 죽변리 427-1,경상북도,울진군
927,죽산점,경기도 안성시 죽산면 중서길 1,경기도,안성시
928,죽전점,경기도 용인시수지구 대지로 62 104(죽전동),경기도,용인시
929,죽정점,충청남도 보령시 죽정동 646-9,충청남도,보령시
930,중곡1점,"서울특별시 광진구 용마산로7길 20(중곡동, 1층)",서울특별시,광진구
931,중곡2점,서울특별시 광진구 중곡동 199-27,서울특별시,광진구
932,중동1점,경기도 부천시원미구 중동 805-2 중앙 103호,경기도,부천시
933,중동동성점,"경기도 부천시원미구 조마루로 233, 상가동1층121호(중동, 미리내마을)",경기도,부천시
934,중리점(대구),대구광역시 서구 국채보상로38길 57-1,대구광역시,서구
935,중리점(대전),대전광역시 대덕구 중리남로 20,대전광역시,대덕구
936,중마점,전라남도 광양시 중동 1681번지 태영@ 상가 106호,전라남도,광양시
937,중문점,제주특별자치도 서귀포시 중문동 천제연로185번길 1-3,제주특별자치도,서귀포시
938,중산점,경기도 고양시일산동구 탄중로 416 상가 109,경기도,고양시
939,중앙점(경주),경상북도 경주시 노동동 236-1,경상북도,경주시
940,중촌점,대전광역시 중구 목동 목중로39번길 21,대전광역시,중구
941,중탑점,경기도 성남시분당구 양현로 539. 매화근린상가1층 104,경기도,성남시
942,중화산동점,"전라북도 전주시완산구 따박골2길 3(중화산동2가, 1층)",전라북도,전주시
943,중흥리점,충청남도 당진군 송악면 송악로 685,충청남도,당진군
944,중흥설악점,경기도 부천시원미구 중동 1052 중흥주공상가 204,경기도,부천시
945,증산동점,서울특별시 은평구 증산동 159-14,서울특별시,은평구
946,지경리점,강원도 철원군 김화읍 청양로84,강원도,철원군
947,지곡점,충청남도 서산시 지곡면 무장리 920 오스카빌 103,충청남도,서산시
948,지리산온천점,전라남도 구례군 산동면 관산리 715-2번지,전라남도,구례군
949,지사분점점,경상북도 영주시 가흥동 530 시영상가 나동 102호,경상북도,영주시
950,지원점,광주광역시 동구 용산동 282-2번지,광주광역시,동구
951,지평점,경기도 양평군 지평면 지평의병로 96,경기도,양평군
952,직산부영점,충청남도 천안시서북구 직산읍 군수1길 10 부영아파트상가 107호,충청남도,천안시
953,직산점,충청남도 천안시서북구 직산읍 삼은리 76-177,충청남도,천안시
954,진달래점,서울특별시 강남구 역삼동 779-9,서울특별시,강남구
955,진도점,전라남도 진도군 진도읍 옥주길 22,전라남도,진도군
956,진량점,경상북도 경산시 진량읍 황제리 70-1 창신황제상가 203,경상북도,경산시
957,진보점,경상북도 청송군 진보면 진안리 384-4,경상북도,청송군
958,진부점,강원도 평창군 진부면 진부중앙로 70,강원도,평창군
959,진우점,강원도 원주시 현충로 282(태장동),강원도,원주시
960,진잠점,대전광역시 유성구 원내동 343-6,대전광역시,유성구
961,진주대곡점,경상남도 진주시 대곡면 광석리 315-1,경상남도,진주시
962,진천대곡점,대구광역시 달서구 상화로21길 49(진천동),대구광역시,달서구
963,진천점,"충청북도 진천군 진천읍 문화로 237-18, 101호",충청북도,진천군
964,진평점,경상북도 구미시 인동22길 20 1층,경상북도,구미시
965,진하점,울산광역시 울주군 서생면 깨목길 28,울산광역시,울주군
966,참이슬점,경기도 평택시 합정동 876-13,경기도,평택시
967,창녕점,경상남도 창녕군 창녕읍 명덕로 48,경상남도,창녕군
968,창동역점,서울특별시 도봉구 창동 135-14 1층 103,서울특별시,도봉구
969,창동점,서울특별시 도봉구 덕릉로59길 28 (창동),서울특별시,도봉구
970,창신동점,"서울특별시 종로구 지봉로5길 12, 1층(창신동)",서울특별시,종로구
971,창현점,경기도 남양주시 화도읍 탕헌로 749 신명상가 108호,경기도,남양주시
972,천리점,경기도 용인시처인구 이동면 백옥대로 623,경기도,용인시
973,천마점,경기도 남양주시 화도읍 멋갓로28번길 36,경기도,남양주시
974,천북점,충청남도 보령시 천북면 하궁길 2,충청남도,보령시
975,천안3점,충청남도 천안시동남구 봉명동 봉정로 18,충청남도,천안시
976,천안4점,충청남도 천안시동남구 오룡동 63-12,충청남도,천안시
977,천안7단지점,"충청남도 천안시서북구 쌍용11길 57 109(쌍용동, 주공아파트 7단지상가)",충청남도,천안시
978,천안백석점,충청남도 천안시서북구 백석5길 23-1(백석동),충청남도,천안시
979,천안신당점,충청남도 천안시서북구 신당동 271-9,충청남도,천안시
980,천안신방점,충청남도 천안시동남구 신방동 서부대로 257-8 대주피오레상가103 ,충청남도,천안시
981,천왕점,"서울특별시 구로구 천왕로 56, 상가동1층102호(천왕동,천왕이펜하우스3단지)",서울특별시,구로구
982,천천2점,경기도 수원시장안구 화서동 706 진흥@상가 105,경기도,수원시
983,천호점,"서울특별시 강동구 천중로18길 53, 1층 (천호동)",서울특별시,강동구
984,철산2점,경기도 광명시 철산2동 156-1 1층,경기도,광명시
985,철산3점,"경기도 광명시 도덕공원로 21-1. 비02호(철산동,힐타운상가)",경기도,광명시
986,청당점,"충청남도 천안시동남구 청수10길 12, 101",충청남도,천안시
987,청도점,경상북도 청도군 청도읍 청화로 202-2,경상북도,청도군
988,청라2점,인천광역시 서구 청라루비로 144번길 6-6,인천광역시,서구
989,청라점,충청남도 보령시 청라면 당안길1,충청남도,보령시
990,청량리점,"서울특별시 동대문구 왕산로 247, 1층(청량리동)",서울특별시,동대문구
991,청룡동점,서울특별시 관악구 청룡동 914-3,서울특별시,관악구
992,청룡점(천안),충청남도 천안시동남구   구성2길 1(구성동),충청남도,천안시
993,청림점,경상북도 포항시남구 청림동 588-2번지,경상북도,포항시
994,청북신도시점,경기도 평택시 청북면 옥길리 1165-7,경기도,평택시
995,청북점,경기도 평택시 청북읍 신포길56,경기도,평택시
996,청양점,충청남도 청양군 청양읍 읍내리 203-40,충청남도,청양군
997,청일점,강원도 횡성군 청일면 유동로 18,강원도,횡성군
998,청주용암점,충청북도 청주시상당구 무농정로3번길 36(용암동),충청북도,청주시
999,청천2점,인천광역시 부평구 청천2동 11-35,인천광역시,부평구
1000,청풍점,"충청북도 제천시 청풍면 청풍호로58번길, 10-16",충청북도,제천시
1001,초가점,경기도 포천시 소흘읍 검바위길 84,경기도,포천시
1002,초계점,경상남도 합천군 초계면 초계리 89-1,경상남도,합천군
1003,초원점,충청남도 아산시 좌부동 84 초원상가 103,충청남도,아산시
1004,초월점,경기도 광주시 초월읍 경춘대로 1043,경기도,광주시
1005,초읍점,부산광역시 부산진구 초읍동 271-4,부산광역시,부산진구
1006,초지1점,경기도 안산시단원구 초지동 734-5 한양타워 114호,경기도,안산시
1007,총신대점,서울특별시 동작구 사당5동 213-7,서울특별시,동작구
1008,추풍령점,충청북도 영동군 추풍령면 신안로 52-1,충청북도,영동군
1009,축산점,경상북도 영덕군 축산면 축산리 86-18,경상북도,영덕군
1010,춘천교대앞점,강원도 춘천시 공지로 111 ,강원도,춘천시
1011,춘천명동점,강원도 춘천시 금강로76번길 (조양동),강원도,춘천시
1012,춘천터미널점,강원도 춘천시 공지로 458(근화동),강원도,춘천시
1013,춘천팔호광장점,강원도 춘천시 효자로 154(효자동),강원도,춘천시
1014,춘천현대점,강원도 춘천시 삭주로 114(후평동),강원도,춘천시
1015,충남덕산점,충청남도 예산군 덕산면 읍내리 342-1,충청남도,예산군
1016,충청지사, ,,
1017,충효점,경상북도 경주시 충효중앙길 65(충효동),경상북도,경주시
1018,칠곡2점,대구광역시 북구 구암동 674-4,대구광역시,북구
1019,칠금점,"충청북도 충주시 금릉로 45, 109(칠금동, 현대아파트상가동)",충청북도,충주시
1020,칠보점,경기도 수원시권선구 호매실동 470-8 상가 102,경기도,수원시
1021,칠성점,"대구광역시 북구 칠성로15길  8, 1층",대구광역시,북구
1022,침산점,대구광역시 북구 침산동 1466-1,대구광역시,북구
1023,탄방점,대전광역시 서구 탄방동 804,대전광역시,서구
1024,탄현점,경기도 고양시일산서구 탄현로 74,경기도,고양시
1025,탕정점,충청남도 아산시 탕정면 탕정면로 230-11,충청남도,아산시
1026,태백점,강원도 태백시 먹거리길 69,강원도,태백시
1027,태백주공점,강원도 태백시 감천로 28(황지동),강원도,태백시
1028,태안점,충청남도 태안군 태안읍 시장2길 42,충청남도,태안군
1029,태장점,강원도 원주시 북원로 2696(태장동),강원도,원주시
1030,태전동점,경기도 광주시 태전동 676,경기도,광주시
1031,태전점,대구광역시 북구 태전동 162-30,대구광역시,북구
1032,"태평1,3동점","경기도 성남시수정구 남문로 14(태평동, 1층)",경기도,성남시
1033,"태평2,4동점","경기도 성남시수정구 남문로102번길 1(태평동, 1층)",경기도,성남시
1034,태평2점,대전광역시 중구 태평동 334-7,대전광역시,중구
1035,태평상가점,"인천광역시 계양구 계산4동 1085-2, 3 태평@상가 114",인천광역시,계양구
1036,테크노점(대구),대구광역시 달성군 유가면 봉리 608-1,대구광역시,달성군
1037,테크노점(아산),충청남도 아산시 둔포면 석곡리 1520 아산테크노빌딩 102,충청남도,아산시
1038,토곡점,부산광역시 연제구 연산동 410-2,부산광역시,연제구
1039,통영1점,경상남도 통영시 북신동 32-35,경상남도,통영시
1040,통영2점,경상남도 통영시 도천동 1021-1 영생상가나동 111호,경상남도,통영시
1041,퇴계동점,"강원도 춘천시 춘주로147번길 10-14, 22/3(퇴계동)",강원도,춘천시
1042,퇴계원점,경기도 남양주시 퇴계원면 경춘북로 520번길 4,경기도,남양주시
1043,퇴계주공점,강원도 춘천시 지석로 74-11 A13(퇴계동),강원도,춘천시
1044,퇴촌점,경기도 광주시 퇴촌면 광동로 97,경기도,광주시
1045,파동점,대구광역시 수성구 파동 199-22 1층,대구광역시,수성구
1046,파인힐(공단점),경기도 시흥시 마유로 226 120호,경기도,시흥시
1047,파장2점,경기도 수원시장안구 파장동 627-4,경기도,수원시
1048,파장점,경기도 수원시장안구 정자동 435-2,경기도,수원시
1049,판암2점,대전광역시 동구 판암동 234 6단지상가 101,대전광역시,동구
1050,평거점,경상남도 진주시 진양호로 187,경상남도,진주시
1051,평내점,경기도 남양주시 경춘로 1302,경기도,남양주시
1052,평리점,대구광역시 서구 평리동 618-1,대구광역시,서구
1053,평원점,강원도 원주시 평원로 67(평원동),강원도,원주시
1054,평창점(강원),강원도 평창군 평창읍 평창중앙로 84,강원도,평창군
1055,평촌3점,경기도 안양시동안구 관양동 1589-1 한가람상가 103호,경기도,안양시
1056,평촌5점,"경기도 안양시동안구 동안로 6.109(호계동,무궁화진흥아파트상가)",경기도,안양시
1057,평택1점,"경기도 평택시 중앙로 19(통복동, 2층)",경기도,평택시
1058,평택지산점,경기도 평택시 지산동 1130,경기도,평택시
1059,포남동점,강원도 강릉시 포남동 강릉대로527번길 15,강원도,강릉시
1060,포남로얄점,강원도 강릉시 경강로 2265(포남동),강원도,강릉시
1061,포도원점,경기도 안양시동안구 호계동 859-13,경기도,안양시
1062,포승점,경기도 평택시 포승읍 석정리 1257-13 1층 3,경기도,평택시
1063,포천점,경기도 포천시 중앙로 184,경기도,포천시
1064,포항오천점,"경상북도 포항시남구 오천읍 해병로337번길, 18-5",경상북도,포항시
1065,포항이동점,경상북도 포항시남구 대잠동 469-3,경상북도,포항시
1066,포항장성점,경상북도 포항시북구 성실로 24-1,경상북도,포항시
1067,포항터미널점,경상북도 포항시남구 중섬로 25(대잠동),경상북도,포항시
1068,포항학산점,경상북도 포항시북구 우현동 134-7 우현상가101호,경상북도,포항시
1069,표선점,제주특별자치도 서귀포시 표선면 표선리 839-7,제주특별자치도,서귀포시
1070,풍기점,경상북도 영주시 풍기읍 풍기로 49-1,경상북도,영주시
1071,풍납점,서울특별시 송파구 풍성로 24(풍납동),서울특별시,송파구
1072,풍무2점,"경기도 김포시 풍무로 51, 101(풍무동)",경기도,김포시
1073,하남신도시점,경기도 하남시 신장2동 528 현대A 116-115,경기도,하남시
1074,하당동아점,전라남도 목포시 신흥로45번길 2 상가112호,전라남도,목포시
1075,하당부영점,전라남도 목포시 삼향천로91번길 26(옥암동),전라남도,목포시
1076,하대원점,"경기도 성남시중원구 마지로155번길 25-7(하대원동,1층)",경기도,성남시
1077,하동점,경상남도 하동군 하동읍 읍내리 1283-2,경상남도,하동군
1078,하북점,경기도 평택시 진위면 하북4길 3,경기도,평택시
1079,하성점,경기도 김포시 하성면 애기봉로806번길 67,경기도,김포시
1080,하소동점,충청북도 제천시 용두대로21길 9(하소동),충청북도,제천시
1081,하안1점,"경기도 광명시 안현로 19(하안동, 단지상가 111호)",경기도,광명시
1082,하안5점,경기도 광명시 하안1동 702-2 5단지 일반상가 109,경기도,광명시
1083,하안7점,경기도 광명시 하안3동 295-1 주공7단지 종합상가 106,경기도,광명시
1084,하안9점,경기도 광명시 하안동 13-2 9단지 종합상가 101,경기도,광명시
1085,학다리점,강원도 홍천군 홍천읍 꽃매로 120,강원도,홍천군
1086,학성점,강원도 원주시 천사로 164(일산동),강원도,원주시
1087,학익점,인천광역시 남구 한나루로 424  1층,인천광역시,남구
1088,학장점,부산광역시 사상구 학감대로 129,부산광역시,사상구
1089,학하.한밭대점,대전광역시 유성구 학하남로19번길 16(계산동),대전광역시,유성구
1090,한대역점,"경기도 안산시상록구 사동 1186-8, 101호",경기도,안산시
1091,한림점,제주특별자치도 제주시 한림읍 한림중앙로 3-1,제주특별자치도,제주시
1092,한솔점,경기도 성남시분당구 정자동 112 한솔주공5단지101호,경기도,성남시
1093,한신점,인천광역시 서구 서곶로 12 한신종합상가 208호,인천광역시,서구
1094,한아름점,경기도 부천시원미구 상동 393,경기도,부천시
1095,한주점,경기도 의정부시 평화로322번길 18(호원동),경기도,의정부시
1096,함덕점,제주특별자치도 제주시 초천읍 평사길 4-3,제주특별자치도,제주시
1097,함백점,강원도 정선군 신동읍 함백로 319,강원도,정선군
1098,함양점,경상남도 함양군 함양읍 용평리 702-12,경상남도,함양군
1099,함창점,경상북도 상주시 함창읍 구향리 115-8,경상북도,상주시
1100,함평점,전라남도 함평군 함평읍 광남길 83,전라남도,함평군
1101,합덕점,충청남도 당진군 합덕읍 합덕시장로 176,충청남도,당진군
1102,합정동점,서울특별시 마포구 포은로 52(합정동),서울특별시,마포구
1103,합정점,경기도 평택시 합정동 773-1,경기도,평택시
1104,합포점,경상남도 창원시마산합포구 장군동4가 24-6,경상남도,창원시
1105,해남점,전라남도 해남군 해남읍 중앙1로 98,전라남도,해남군
1106,해미점,충청남도 서산시 해미면 남문5로 4,충청남도,서산시
1107,해방촌점,서울특별시 용산구 용산동2가 1-46,서울특별시,용산구
1108,해운대점,부산광역시 해운대구 우동 541-5 해운대비치오피스텔 101,부산광역시,해운대구
1109,해운대좌동주공2,부산광역시 해운대구 좌동순환로 118 주공2단지 분산상가 나-105,부산광역시,해운대구
1110,행당동점,"서울특별시 성동구 행당로 119 (행당동,1층)",서울특별시,성동구
1111,행복점,충청남도 천안시동남구 봉명동 372,충청남도,천안시
1112,향남점,경기도 화성시 향남읍 행정리 445-6,경기도,화성시
1113,현대점(수원),경기도 수원시권선구 권선동 983-8,경기도,수원시
1114,호계2동점,"경기도 안양시동안구 귀인로110번길 22, 1층(호계동)",경기도,안양시
1115,호계매곡점,울산광역시 북구 호계동 255-9,울산광역시,북구
1116,호성점,전라북도 전주시덕진구 호성동 2길 9,전라북도,전주시
1117,호원점,경기도 의정부시 신흥로 119번길 54,경기도,의정부시
1118,홍도점,대전광역시 동구 홍도동 72-32,대전광역시,동구
1119,홍성2점,충청남도 홍성군 홍성읍 조양로 190,충청남도,홍성군
1120,홍성주공점,충청남도 홍성군 홍성읍 문화로72번길 92,충청남도,홍성군
1121,홍은1점,서울특별시 서대문구 홍은2동 9-56 1층,서울특별시,서대문구
1122,홍은동점,서울특별시 서대문구 홍은동 427-4,서울특별시,서대문구
1123,홍익대점,"서울특별시 마포구 독막로22길 21(창전동, 1층)",서울특별시,마포구
1124,홍익점,"경기도 안성시 금광면 종합운동장로 132, 홍익아파트상가 107",경기도,안성시
1125,홍제동점,서울특별시 서대문구 세무서2길 24. 1층(홍제동),서울특별시,서대문구
1126,화개점,경상남도 하동군 화개면 탑리 663-13,경상남도,하동군
1127,화곡1점,"서울특별시 강서구 월정로28길 24(화곡동, 1층)",서울특별시,강서구
1128,화명점,부산광역시 북구 화명동 1417-6,부산광역시,북구
1129,화봉.연암점,울산광역시 북구 송내1길 18(화봉동),울산광역시,북구
1130,화서점,경기도 수원시장안구 화서동 71-27,경기도,수원시
1131,화성시청점,경기도 화성시 남양읍 역골로 3-20 ,경기도,화성시
1132,화순점,전라남도 화순군 화순읍 광덕로 142,전라남도,화순군
1133,화양동점,"서울특별시 광진구 능동로13길 70(화양동, 1층)",서울특별시,광진구
1134,화원점,"대구광역시 달성군 화원읍 화원로2길, 27",대구광역시,달성군
1135,화정점,광주광역시 서구 화정동 766-1,광주광역시,서구
1136,환호점,경상북도 포항시북구 삼호로 458,경상북도,포항시
1137,황간점,충청북도 영동군 황간면 남성리 558-1,충청북도,영동군
1138,황성점,경상북도 경주시 용담로92번길 43-4,경상북도,경주시
1139,황제점,대구광역시 서구 내당동 69-26,대구광역시,서구
1140,회원교방점,경상남도 창원시마산회원구 회원남로 39-1,경상남도,창원시
1141,횡성점,강원도 횡성군 횡성읍 태기로 33,강원도,횡성군
1142,횡성중앙점,"강원도 횡성군 횡성읍 문정로19번길, 13-3",강원도,횡성군
1143,효가리점,"강원도 동해시 청운로 71(쇄운동, 104)",강원도,동해시
1144,효돈점,제주특별자치도 서귀포시 하효동 142-1,제주특별자치도,서귀포시
1145,효성1점,인천광역시 계양구 효성2동 273-91 층,인천광역시,계양구
1146,효성2점,인천광역시 계양구 효성1동 31-4,인천광역시,계양구
1147,효성점,인천광역시 남동구 백범로247번길 93-26,인천광역시,남동구
1148,효자점(포항),경상북도 포항시남구 효자동 119-1,경상북도,포항시
1149,후곡점,경기도 고양시일산서구 강선로 142 태영상가 107,경기도,고양시
1150,후평2동점,강원도 춘천시 백령로 225(후평동),강원도,춘천시
1151,후포점,경상북도 울진군 후포면 후포리 623-130,경상북도,울진군
1152,훼미리점,"서울특별시 송파구 중대로 24(문정동, 훼미리상가125호)",서울특별시,송파구
1153,휴천점,경상북도 영주시 휴천2동 303-21,경상북도,영주시
1154,흑석동점,서울특별시 동작구 흑석동 96-3,서울특별시,동작구
1155,흥업점,강원도 원주시 흥업면 남원로 82,강원도,원주시
1156,흰돌점,경기도 고양시일산동구 일산로 11  ,경기도,고양시
1157,CNTTEST,00 18 신사동 주소,00,18
